"gbifID,accessRights,bibliographicCitation,language,license,modified,publisher,references,rightsHolder,type,institutionID,collectionID,datasetID,institutionCode,collectionCode,datasetName,ownerInstitutionCode,basisOfRecord,informationWithheld,dataGeneralizations,dynamicProperties,occurrenceID,catalogNumber,recordNumber,recordedBy,recordedByID,individualCount,organismQuantity,organismQuantityType,sex,lifeStage,reproductiveCondition,caste,behavior,vitality,establishmentMeans,degreeOfEstablishment,pathway,georeferenceVerificationStatus,occurrenceStatus,preparations,disposition,associatedOccurrences,associatedReferences,associatedSequences,associatedTaxa,otherCatalogNumbers,occurrenceRemarks,organismID,organismName,organismScope,associatedOrganisms,previousIdentifications,organismRemarks,materialEntityID,materialEntityRemarks,verbatimLabel,materialSampleID,eventID,parentEventID,eventType,fieldNumber,eventDate,eventTime,startDayOfYear,endDayOfYear,year,month,day,verbatimEventDate,habitat,samplingProtocol,sampleSizeValue,sampleSizeUnit,samplingEffort,fieldNotes,eventRemarks,locationID,higherGeographyID,higherGeography,continent,waterBody,islandGroup,island,countryCode,stateProvince,county,municipality,locality,verbatimLocality,verbatimElevation,verticalDatum,verbatimDepth,minimumDistanceAboveSurfaceInMeters,maximumDistanceAboveSurfaceInMeters,locationAccordingTo,locationRemarks,decimalLatitude,decimalLongitude,coordinateUncertaintyInMeters,coordinatePrecision,pointRadiusSpatialFit,verbatimCoordinateSystem,verbatimSRS,footprintWKT,footprintSRS,footprintSpatialFit,georeferencedBy,georeferencedDate,georeferenceProtocol,georeferenceSources,georeferenceRemarks,geologicalContextID,earliestEonOrLowestEonothem,latestEonOrHighestEonothem,earliestEraOrLowestErathem,latestEraOrHighestErathem,earliestPeriodOrLowestSystem,latestPeriodOrHighestSystem,earliestEpochOrLowestSeries,latestEpochOrHighestSeries,earliestAgeOrLowestStage,latestAgeOrHighestStage,lowestBiostratigraphicZone,highestBiostratigraphicZone,lithostratigraphicTerms,group,formation,member,bed,identificationID,verbatimIdentification,identificationQualifier,typeStatus,identifiedBy,identifiedByID,dateIdentified,identificationReferences,identificationVerificationStatus,identificationRemarks,taxonID,scientificNameID,acceptedNameUsageID,parentNameUsageID,originalNameUsageID,nameAccordingToID,namePublishedInID,taxonConceptID,scientificName,acceptedNameUsage,parentNameUsage,originalNameUsage,nameAccordingTo,namePublishedIn,namePublishedInYear,higherClassification,kingdom,phylum,class,order,superfamily,family,subfamily,tribe,subtribe,genus,genericName,subgenus,infragenericEpithet,specificEpithet,infraspecificEpithet,cultivarEpithet,taxonRank,verbatimTaxonRank,vernacularName,nomenclaturalCode,taxonomicStatus,nomenclaturalStatus,taxonRemarks,datasetKey,publishingCountry,lastInterpreted,elevation,elevationAccuracy,depth,depthAccuracy,distanceFromCentroidInMeters,issue,mediaType,hasCoordinate,hasGeospatialIssues,taxonKey,acceptedTaxonKey,kingdomKey,phylumKey,classKey,orderKey,familyKey,genusKey,subgenusKey,speciesKey,species,acceptedScientificName,verbatimScientificName,typifiedName,protocol,lastParsed,lastCrawled,repatriated,relativeOrganismQuantity,projectId,isSequenced,gbifRegion,publishedByGbifRegion,level0Gid,level0Name,level1Gid,level1Name,level2Gid,level2Name,level3Gid,level3Name,iucnRedListCategory"
"5063438400,,,,CC_BY_NC_4_0,2025-01-24T11:25:48Z,,https://www.inaturalist.org/observations/259414250,Amaël Borzée,,,,,iNaturalist,Observations,iNaturalist research-grade observations,,HUMAN_OBSERVATION,Coordinate uncertainty increased to 29704m to protect threatened taxon,,,https://www.inaturalist.org/observations/259414250,259414250,,Amaël Borzée,https://orcid.org/0000-0003-1093-677X,,,,,,,,,,,,,,PRESENT,,,,,,,,,,,,,,,,,,,,,,,2025-01-24T10:27:21,10:27:21+08:00,24,24,2025,1,24,2025/1/24 10:27,,,,,,,,,,,ASIA,,,,CN,Yunnan,,,,""Dêqên Tibetan, CN-YN, CN"",,,,,,,,27.766424,99.260962,29704,,,,,,,,,,,,,,,,,,,,,,,,,,,,,,,586128934,,,,Amaël Borzée,https://orcid.org/0000-0003-1093-677X,2025-01-24T08:56:52,,,,75026,,,,,,,,""Rhinopithecus bieti A.Milne-Edwards, 1897"",,,,,,,,Animalia,Chordata,Mammalia,Primates,,Cercopithecidae,,,,Rhinopithecus,Rhinopithecus,,,bieti,,,SPECIES,,,,ACCEPTED,,,50c9509d-22c7-4a22-a47d-8c48425ef4a7,US,2025-02-16T15:56:18.869Z,,,,,,COORDINATE_ROUNDED;CONTINENT_DERIVED_FROM_COORDINATES;TAXON_MATCH_TAXON_ID_IGNORED,StillImage,TRUE,FALSE,4267007,4267007,1,44,359,798,9622,4267002,,4267007,Rhinopithecus bieti,""Rhinopithecus bieti A.Milne-Edwards, 1897"",Rhinopithecus bieti,,DWC_ARCHIVE,2025-02-16T15:56:18.869Z,2025-02-16T04:52:36.717Z,TRUE,,,FALSE,ASIA,NORTH_AMERICA,CHN,China,CHN.30_1,Yunnan,CHN.30.5_1,Dêqên Tibetan,CHN.30.5.1_1,Dêqên,EN"
"5063378358,,,,CC_BY_NC_4_0,2025-02-04T04:04:55Z,,https://www.inaturalist.org/observations/259414327,Amaël Borzée,,,,,iNaturalist,Observations,iNaturalist research-grade observations,,HUMAN_OBSERVATION,Coordinate uncertainty increased to 29704m to protect threatened taxon,,,https://www.inaturalist.org/observations/259414327,259414327,,Amaël Borzée,https://orcid.org/0000-0003-1093-677X,,,,,,,,,,,,,,PRESENT,,,,,,,,,,,,,,,,,,,,,,,2025-01-24T10:29:31,10:29:31+08:00,24,24,2025,1,24,2025/1/24 10:29,,,,,,,,,,,ASIA,,,,CN,Yunnan,,,,""Dêqên Tibetan, CN-YN, CN"",,,,,,,,27.667477,99.219569,29704,,,,,,,,,,,,,,,,,,,,,,,,,,,,,,,586129129,,,,Amaël Borzée,https://orcid.org/0000-0003-1093-677X,2025-01-24T08:58:42,,,,75026,,,,,,,,""Rhinopithecus bieti A.Milne-Edwards, 1897"",,,,,,,,Animalia,Chordata,Mammalia,Primates,,Cercopithecidae,,,,Rhinopithecus,Rhinopithecus,,,bieti,,,SPECIES,,,,ACCEPTED,,,50c9509d-22c7-4a22-a47d-8c48425ef4a7,US,2025-02-16T15:56:18.516Z,,,,,,COORDINATE_ROUNDED;CONTINENT_DERIVED_FROM_COORDINATES;TAXON_MATCH_TAXON_ID_IGNORED,StillImage,TRUE,FALSE,4267007,4267007,1,44,359,798,9622,4267002,,4267007,Rhinopithecus bieti,""Rhinopithecus bieti A.Milne-Edwards, 1897"",Rhinopithecus bieti,,DWC_ARCHIVE,2025-02-16T15:56:18.516Z,2025-02-16T04:52:36.717Z,TRUE,,,FALSE,ASIA,NORTH_AMERICA,CHN,China,CHN.30_1,Yunnan,CHN.30.5_1,Dêqên Tibetan,CHN.30.5.1_1,Dêqên,EN"
"5063349066,,,,CC_BY_NC_4_0,2025-01-30T07:39:49Z,,https://www.inaturalist.org/observations/259414117,Amaël Borzée,,,,,iNaturalist,Observations,iNaturalist research-grade observations,,HUMAN_OBSERVATION,Coordinate uncertainty increased to 29704m to protect threatened taxon,,,https://www.inaturalist.org/observations/259414117,259414117,,Amaël Borzée,https://orcid.org/0000-0003-1093-677X,,,,,,,,,,,,,,PRESENT,,,,,,,,,,,,,,,,,,,,,,,2025-01-24T10:22:46,10:22:46+08:00,24,24,2025,1,24,2025/1/24 10:22,,,,,,,,,,,ASIA,,,,CN,Yunnan,,,,""Dêqên Tibetan, CN-YN, CN"",,,,,,,,27.745089,99.226889,29704,,,,,,,,,,,,,,,,,,,,,,,,,,,,,,,586128565,,,,Amaël Borzée,https://orcid.org/0000-0003-1093-677X,2025-01-24T08:53:30,,,,75026,,,,,,,,""Rhinopithecus bieti A.Milne-Edwards, 1897"",,,,,,,,Animalia,Chordata,Mammalia,Primates,,Cercopithecidae,,,,Rhinopithecus,Rhinopithecus,,,bieti,,,SPECIES,,,,ACCEPTED,,,50c9509d-22c7-4a22-a47d-8c48425ef4a7,US,2025-02-16T15:56:19.072Z,,,,,,COORDINATE_ROUNDED;CONTINENT_DERIVED_FROM_COORDINATES;TAXON_MATCH_TAXON_ID_IGNORED,StillImage,TRUE,FALSE,4267007,4267007,1,44,359,798,9622,4267002,,4267007,Rhinopithecus bieti,""Rhinopithecus bieti A.Milne-Edwards, 1897"",Rhinopithecus bieti,,DWC_ARCHIVE,2025-02-16T15:56:19.072Z,2025-02-16T04:52:36.717Z,TRUE,,,FALSE,ASIA,NORTH_AMERICA,CHN,China,CHN.30_1,Yunnan,CHN.30.5_1,Dêqên Tibetan,CHN.30.5.1_1,Dêqên,EN"
"5063322239,,,,CC_BY_NC_4_0,2025-01-24T11:25:54Z,,https://www.inaturalist.org/observations/259414144,Amaël Borzée,,,,,iNaturalist,Observations,iNaturalist research-grade observations,,HUMAN_OBSERVATION,Coordinate uncertainty increased to 29704m to protect threatened taxon,,,https://www.inaturalist.org/observations/259414144,259414144,,Amaël Borzée,https://orcid.org/0000-0003-1093-677X,,,,,,,,,,,,,,PRESENT,,,,,,,,,,,,,,,,,,,,,,,2025-01-24T10:26:21,10:26:21+08:00,24,24,2025,1,24,2025/1/24 10:26,,,,,,,,,,,ASIA,,,,CN,Yunnan,,,,""Dêqên Tibetan, CN-YN, CN"",,,,,,,,27.619591,99.307921,29704,,,,,,,,,,,,,,,,,,,,,,,,,,,,,,,586128663,,,,Amaël Borzée,https://orcid.org/0000-0003-1093-677X,2025-01-24T08:54:32,,,,75026,,,,,,,,""Rhinopithecus bieti A.Milne-Edwards, 1897"",,,,,,,,Animalia,Chordata,Mammalia,Primates,,Cercopithecidae,,,,Rhinopithecus,Rhinopithecus,,,bieti,,,SPECIES,,,,ACCEPTED,,,50c9509d-22c7-4a22-a47d-8c48425ef4a7,US,2025-02-16T15:56:18.932Z,,,,,,COORDINATE_ROUNDED;CONTINENT_DERIVED_FROM_COORDINATES;TAXON_MATCH_TAXON_ID_IGNORED,StillImage,TRUE,FALSE,4267007,4267007,1,44,359,798,9622,4267002,,4267007,Rhinopithecus bieti,""Rhinopithecus bieti A.Milne-Edwards, 1897"",Rhinopithecus bieti,,DWC_ARCHIVE,2025-02-16T15:56:18.932Z,2025-02-16T04:52:36.717Z,TRUE,,,FALSE,ASIA,NORTH_AMERICA,CHN,China,CHN.30_1,Yunnan,CHN.30.5_1,Dêqên Tibetan,CHN.30.5.1_1,Dêqên,EN"
"4987688486,,,,CC_BY_NC_4_0,2024-11-27T05:15:22Z,,https://www.inaturalist.org/observations/253041918,Alexey Reshchikov,,,,,iNaturalist,Observations,iNaturalist research-grade observations,,HUMAN_OBSERVATION,Coordinate uncertainty increased to 29704m at the request of the observer,,,https://www.inaturalist.org/observations/253041918,253041918,,Alexey Reshchikov,,,,,,,,,,,,,,,PRESENT,,,,,,,,,,,,,,,,,,,,,,,2019-10-21T10:05,10:05:00+08:00,294,294,2019,10,21,2019/10/21 10:05,,,,,,,,,,,ASIA,,,,CN,Yunnan,,,,""Dêqên Tibetan, CN-YN, CN"",,,,,,,,27.791274,99.261445,29704,,,,,,,,,,,,,,,,,,,,,,,,,,,,,,,567942490,,,,Alexey Reshchikov,,2024-11-25T13:21:24,,,,75026,,,,,,,,""Rhinopithecus bieti A.Milne-Edwards, 1897"",,,,,,,,Animalia,Chordata,Mammalia,Primates,,Cercopithecidae,,,,Rhinopithecus,Rhinopithecus,,,bieti,,,SPECIES,,,,ACCEPTED,,,50c9509d-22c7-4a22-a47d-8c48425ef4a7,US,2025-02-16T15:51:43.537Z,,,,,,COORDINATE_ROUNDED;CONTINENT_DERIVED_FROM_COORDINATES;TAXON_MATCH_TAXON_ID_IGNORED,,TRUE,FALSE,4267007,4267007,1,44,359,798,9622,4267002,,4267007,Rhinopithecus bieti,""Rhinopithecus bieti A.Milne-Edwards, 1897"",Rhinopithecus bieti,,DWC_ARCHIVE,2025-02-16T15:51:43.537Z,2025-02-16T04:52:36.717Z,TRUE,,,FALSE,ASIA,NORTH_AMERICA,CHN,China,CHN.30_1,Yunnan,CHN.30.5_1,Dêqên Tibetan,CHN.30.5.1_1,Dêqên,EN"
"4980631728,,,,CC_BY_NC_4_0,2024-12-10T03:03:16Z,,https://www.inaturalist.org/observations/250713304,Matthias Alberti,,,,,iNaturalist,Observations,iNaturalist research-grade observations,,HUMAN_OBSERVATION,Coordinate uncertainty increased to 29704m to protect threatened taxon,,,https://www.inaturalist.org/observations/250713304,250713304,,Matthias Alberti,,,,,,,,,,,,,,,PRESENT,,,,,,,,,,,,,,,,,,,,,,,2024/10/1,,275,275,2024,10,1,2024/10/1,,,,,,,,,,,ASIA,,,,CN,Yunnan,,,,""Dêqên Tibetan, CN-YN, CN"",,,,,,,,27.760332,99.327202,29704,,,,,,,,,,,,,,,,,,,,,,,,,,,,,,,561526323,,,,Matthias Alberti,,2024-11-06T20:06:03,,,,75026,,,,,,,,""Rhinopithecus bieti A.Milne-Edwards, 1897"",,,,,,,,Animalia,Chordata,Mammalia,Primates,,Cercopithecidae,,,,Rhinopithecus,Rhinopithecus,,,bieti,,,SPECIES,,,,ACCEPTED,,,50c9509d-22c7-4a22-a47d-8c48425ef4a7,US,2025-02-16T15:50:19.619Z,,,,,,COORDINATE_ROUNDED;CONTINENT_DERIVED_FROM_COORDINATES;TAXON_MATCH_TAXON_ID_IGNORED,,TRUE,FALSE,4267007,4267007,1,44,359,798,9622,4267002,,4267007,Rhinopithecus bieti,""Rhinopithecus bieti A.Milne-Edwards, 1897"",Rhinopithecus bieti,,DWC_ARCHIVE,2025-02-16T15:50:19.619Z,2025-02-16T04:52:36.717Z,TRUE,,,FALSE,ASIA,NORTH_AMERICA,CHN,China,CHN.30_1,Yunnan,CHN.30.5_1,Dêqên Tibetan,CHN.30.5.1_1,Dêqên,EN"
"4980294095,,,,CC_BY_NC_4_0,2024-11-13T18:08:25Z,,https://www.inaturalist.org/observations/246874800,nixey,,,,,iNaturalist,Observations,iNaturalist research-grade observations,,HUMAN_OBSERVATION,Coordinate uncertainty increased to 29704m to protect threatened taxon,,,https://www.inaturalist.org/observations/246874800,246874800,,nixey,,,,,,,,,,,,,,,PRESENT,,,,,,,,,,,,,,,,,,,,,,,2020-06-18T09:14,09:14:00+08:00,170,170,2020,6,18,2020/6/18 09:14,,,,,,,,,,,ASIA,,,,CN,Yunnan,,,,""Dêqên Tibetan, CN-YN, CN"",,,,,,,,27.711982,99.269776,29704,,,,,,,,,,,,,,,,,,,,,,,,,,,,,,,551491045,,,,nixey,,2024-10-12T03:58:35,,,,75026,,,,,,,,""Rhinopithecus bieti A.Milne-Edwards, 1897"",,,,,,,,Animalia,Chordata,Mammalia,Primates,,Cercopithecidae,,,,Rhinopithecus,Rhinopithecus,,,bieti,,,SPECIES,,,,ACCEPTED,,,50c9509d-22c7-4a22-a47d-8c48425ef4a7,US,2025-02-16T15:47:53.488Z,,,,,,COORDINATE_ROUNDED;CONTINENT_DERIVED_FROM_COORDINATES;TAXON_MATCH_TAXON_ID_IGNORED,StillImage,TRUE,FALSE,4267007,4267007,1,44,359,798,9622,4267002,,4267007,Rhinopithecus bieti,""Rhinopithecus bieti A.Milne-Edwards, 1897"",Rhinopithecus bieti,,DWC_ARCHIVE,2025-02-16T15:47:53.488Z,2025-02-16T04:52:36.717Z,TRUE,,,FALSE,ASIA,NORTH_AMERICA,CHN,China,CHN.30_1,Yunnan,CHN.30.5_1,Dêqên Tibetan,CHN.30.5.1_1,Dêqên,EN"
"4946261670,,,,CC_BY_NC_4_0,2024-09-09T06:59:55Z,,https://www.inaturalist.org/observations/91225186,Alexey Reshchikov,,,,,iNaturalist,Observations,iNaturalist research-grade observations,,HUMAN_OBSERVATION,Coordinate uncertainty increased to 29868m to protect threatened taxon,,""{""""evidenceOfPresence"""":""""scat""""}"",https://www.inaturalist.org/observations/91225186,91225186,,Alexey Reshchikov,,,,,,,,,,,,,,,PRESENT,,,,,,,,,,,,,,,,,,,,,,,2019-01-11T12:41Z,12:41:00Z,11,11,2019,1,11,2019/01/11 12:41 PM UTC,,,,,,,,,,,ASIA,,,,CN,Yunnan,,,,""Nujiang Lisu, CN-YN, CN"",,,,,,,,26.214117,99.351396,29868,,,,,,,,,,,,,,,,,,,,,,,,,,,,,,,199425807,,,,Alexey Reshchikov,,2021-08-15T07:09:05,,,,75026,,,,,,,,""Rhinopithecus bieti A.Milne-Edwards, 1897"",,,,,,,,Animalia,Chordata,Mammalia,Primates,,Cercopithecidae,,,,Rhinopithecus,Rhinopithecus,,,bieti,,,SPECIES,,,,ACCEPTED,,,50c9509d-22c7-4a22-a47d-8c48425ef4a7,US,2025-02-16T13:21:32.955Z,,,,,,COORDINATE_ROUNDED;CONTINENT_DERIVED_FROM_COORDINATES;TAXON_MATCH_TAXON_ID_IGNORED,,TRUE,FALSE,4267007,4267007,1,44,359,798,9622,4267002,,4267007,Rhinopithecus bieti,""Rhinopithecus bieti A.Milne-Edwards, 1897"",Rhinopithecus bieti,,DWC_ARCHIVE,2025-02-16T13:21:32.955Z,2025-02-16T04:52:36.717Z,TRUE,,https://www.inaturalist.org/projects/tracking-china,FALSE,ASIA,NORTH_AMERICA,CHN,China,CHN.30_1,Yunnan,CHN.30.3_1,Dali Bai,CHN.30.3.12_1,Yulong Naxi,EN"
"4519141265,,,,CC_BY_NC_4_0,2024-05-09T03:11:06Z,,https://www.inaturalist.org/observations/198161294,Michael Zelun Lee,,,,,iNaturalist,Observations,iNaturalist research-grade observations,,HUMAN_OBSERVATION,Coordinate uncertainty increased to 29704m at the request of the observer,,,https://www.inaturalist.org/observations/198161294,198161294,,Michael Zelun Lee,,,,,,,,,,,,,,,PRESENT,,,,,,,,Ugly. https://ultra.fandom.com/wiki/Pigmon,,,,,,,,,,,,,,,2021-08-12T10:01:45,10:01:45+08:00,224,224,2021,8,12,2021-08-12 10:01:45+08:00,,,,,,,,,,,ASIA,,,,CN,Yunnan,,,,""Dêqên Tibetan, CN-YN, CN"",,,,,,,,27.666663,99.284635,29704,,,,,,,,,,,,,,,,,,,,,,,,,,,,,,,447965434,,,,Michael Zelun Lee,,2024-02-01T21:28:10,,,,75026,,,,,,,,""Rhinopithecus bieti A.Milne-Edwards, 1897"",,,,,,,,Animalia,Chordata,Mammalia,Primates,,Cercopithecidae,,,,Rhinopithecus,Rhinopithecus,,,bieti,,,SPECIES,,,,ACCEPTED,,,50c9509d-22c7-4a22-a47d-8c48425ef4a7,US,2025-02-16T15:04:24.490Z,,,,,,COORDINATE_ROUNDED;CONTINENT_DERIVED_FROM_COORDINATES;TAXON_MATCH_TAXON_ID_IGNORED,StillImage,TRUE,FALSE,4267007,4267007,1,44,359,798,9622,4267002,,4267007,Rhinopithecus bieti,""Rhinopithecus bieti A.Milne-Edwards, 1897"",Rhinopithecus bieti,,DWC_ARCHIVE,2025-02-16T15:04:24.490Z,2025-02-16T04:52:36.717Z,TRUE,,,FALSE,ASIA,NORTH_AMERICA,CHN,China,CHN.30_1,Yunnan,CHN.30.5_1,Dêqên Tibetan,CHN.30.5.1_1,Dêqên,EN"
"4424246716,,,,CC_BY_NC_4_0,2024-05-05T16:04:26Z,,https://www.inaturalist.org/observations/182600651,Lukasz Madrzynski 孟巨石,,,,,iNaturalist,Observations,iNaturalist research-grade observations,,HUMAN_OBSERVATION,Coordinate uncertainty increased to 29704m at the request of the observer,,,https://www.inaturalist.org/observations/182600651,182600651,,Lukasz Madrzynski 孟巨石,,,,,,,,,,,,,,,PRESENT,,,,,,,,,,,,,,,,,,,,,,,2023-08-03T10:53,10:53:00+08:00,215,215,2023,8,3,2023/8/3 10:53,,,,,,,,,,,ASIA,,,,CN,Yunnan,,,,""Dêqên Tibetan, CN-YN, CN"",,,,,,,,27.73314,99.390953,29704,,,,,,,,,,,,,,,,,,,,,,,,,,,,,,,406666934,,,,Lukasz Madrzynski 孟巨石,,2023-09-10T08:13:47,,,,75026,,,,,,,,""Rhinopithecus bieti A.Milne-Edwards, 1897"",,,,,,,,Animalia,Chordata,Mammalia,Primates,,Cercopithecidae,,,,Rhinopithecus,Rhinopithecus,,,bieti,,,SPECIES,,,,ACCEPTED,,,50c9509d-22c7-4a22-a47d-8c48425ef4a7,US,2025-02-16T14:47:42.266Z,,,,,,COORDINATE_ROUNDED;CONTINENT_DERIVED_FROM_COORDINATES;TAXON_MATCH_TAXON_ID_IGNORED,StillImage,TRUE,FALSE,4267007,4267007,1,44,359,798,9622,4267002,,4267007,Rhinopithecus bieti,""Rhinopithecus bieti A.Milne-Edwards, 1897"",Rhinopithecus bieti,,DWC_ARCHIVE,2025-02-16T14:47:42.266Z,2025-02-16T04:52:36.717Z,TRUE,,,FALSE,ASIA,NORTH_AMERICA,CHN,China,CHN.30_1,Yunnan,CHN.30.5_1,Dêqên Tibetan,CHN.30.5.1_1,Dêqên,EN"
"4413367966,,,,CC_BY_NC_4_0,2024-05-05T16:04:31Z,,https://www.inaturalist.org/observations/177330446,yb4wild,,,,,iNaturalist,Observations,iNaturalist research-grade observations,,HUMAN_OBSERVATION,Coordinate uncertainty increased to 29704m to protect threatened taxon,,,https://www.inaturalist.org/observations/177330446,177330446,,yb4wild,,,,,,,,,,,,,,,PRESENT,,,,,,,,,,,,,,,,,,,,,,,2009-03-22T07:28:34,07:28:34+08:00,81,81,2009,3,22,2009-03-22 07:28:34+08:00,,,,,,,,,,,ASIA,,,,CN,Yunnan,,,,""Dêqên Tibetan, CN-YN, CN"",,,,,,,,27.604296,99.23939,29704,,,,,,,,,,,,,,,,,,,,,,,,,,,,,,,395020646,,,,yb4wild,,2023-08-08T12:11:45,,,,75026,,,,,,,,""Rhinopithecus bieti A.Milne-Edwards, 1897"",,,,,,,,Animalia,Chordata,Mammalia,Primates,,Cercopithecidae,,,,Rhinopithecus,Rhinopithecus,,,bieti,,,SPECIES,,,,ACCEPTED,,,50c9509d-22c7-4a22-a47d-8c48425ef4a7,US,2025-02-16T14:43:16.309Z,,,,,,COORDINATE_ROUNDED;CONTINENT_DERIVED_FROM_COORDINATES;TAXON_MATCH_TAXON_ID_IGNORED,StillImage,TRUE,FALSE,4267007,4267007,1,44,359,798,9622,4267002,,4267007,Rhinopithecus bieti,""Rhinopithecus bieti A.Milne-Edwards, 1897"",Rhinopithecus bieti,,DWC_ARCHIVE,2025-02-16T14:43:16.309Z,2025-02-16T04:52:36.717Z,TRUE,,,FALSE,ASIA,NORTH_AMERICA,CHN,China,CHN.30_1,Yunnan,CHN.30.5_1,Dêqên Tibetan,CHN.30.5.1_1,Dêqên,EN"
"4400248570,,,,CC_BY_NC_4_0,2024-09-22T05:11:09Z,,https://www.inaturalist.org/observations/178829020,Royle Safaris,,,,,iNaturalist,Observations,iNaturalist research-grade observations,,HUMAN_OBSERVATION,Coordinate uncertainty increased to 454724m to protect threatened taxon,,,https://www.inaturalist.org/observations/178829020,178829020,,Royle Safaris,,,,,,,,,,,,,,,PRESENT,,,,,,,,,,,,,,,,,,,,,,,2018-04-07T10:47,10:47:00+08:00,97,97,2018,4,7,2018/4/7 10:47,,,,,,,,,,,ASIA,,,,CN,Yunnan,,,,China,,,,,,,,26.071311,99.058,454724,,,,,,,,,,,,,,,,,,,,,,,,,,,,,,,398357297,,,,Royle Safaris,,2023-08-17T12:50:57,,,,75026,,,,,,,,""Rhinopithecus bieti A.Milne-Edwards, 1897"",,,,,,,,Animalia,Chordata,Mammalia,Primates,,Cercopithecidae,,,,Rhinopithecus,Rhinopithecus,,,bieti,,,SPECIES,,,,ACCEPTED,,,50c9509d-22c7-4a22-a47d-8c48425ef4a7,US,2025-02-16T14:44:36.113Z,,,,,,COORDINATE_ROUNDED;CONTINENT_DERIVED_FROM_COORDINATES;TAXON_MATCH_TAXON_ID_IGNORED,StillImage,TRUE,FALSE,4267007,4267007,1,44,359,798,9622,4267002,,4267007,Rhinopithecus bieti,""Rhinopithecus bieti A.Milne-Edwards, 1897"",Rhinopithecus bieti,,DWC_ARCHIVE,2025-02-16T14:44:36.113Z,2025-02-16T04:52:36.717Z,TRUE,,,FALSE,ASIA,NORTH_AMERICA,CHN,China,CHN.30_1,Yunnan,CHN.30.3_1,Dali Bai,CHN.30.3.12_1,Yulong Naxi,EN"
"4165883806,,,,CC_BY_NC_4_0,2024-05-05T16:04:33Z,,https://www.inaturalist.org/observations/174296124,RF,,,,,iNaturalist,Observations,iNaturalist research-grade observations,,HUMAN_OBSERVATION,Coordinate uncertainty increased to 29704m to protect threatened taxon,,,https://www.inaturalist.org/observations/174296124,174296124,,RF,,,,,,,,,,,,,,,PRESENT,,,,,,,,,,,,,,,,,,,,,,,2022-07-22T10:05:27,10:05:27+08:00,203,203,2022,7,22,2022-07-22 10:05:27+08:00,,,,,,,,,,,ASIA,,,,CN,Yunnan,,,,""Dêqên Tibetan, CN-YN, CN"",,,,,,,,27.775528,99.343869,29704,,,,,,,,,,,,,,,,,,,,,,,,,,,,,,,388671590,,,,RF,,2023-07-22T16:19:39,,,,75026,,,,,,,,""Rhinopithecus bieti A.Milne-Edwards, 1897"",,,,,,,,Animalia,Chordata,Mammalia,Primates,,Cercopithecidae,,,,Rhinopithecus,Rhinopithecus,,,bieti,,,SPECIES,,,,ACCEPTED,,,50c9509d-22c7-4a22-a47d-8c48425ef4a7,US,2025-02-16T14:40:22.618Z,,,,,,COORDINATE_ROUNDED;CONTINENT_DERIVED_FROM_COORDINATES;TAXON_MATCH_TAXON_ID_IGNORED,StillImage,TRUE,FALSE,4267007,4267007,1,44,359,798,9622,4267002,,4267007,Rhinopithecus bieti,""Rhinopithecus bieti A.Milne-Edwards, 1897"",Rhinopithecus bieti,,DWC_ARCHIVE,2025-02-16T14:40:22.618Z,2025-02-16T04:52:36.717Z,TRUE,,,FALSE,ASIA,NORTH_AMERICA,CHN,China,CHN.30_1,Yunnan,CHN.30.5_1,Dêqên Tibetan,CHN.30.5.1_1,Dêqên,EN"
"4153997220,,,,CC_BY_NC_4_0,2024-05-05T16:04:55Z,,https://www.inaturalist.org/observations/171332106,Lukasz Madrzynski 孟巨石,,,,,iNaturalist,Observations,iNaturalist research-grade observations,,HUMAN_OBSERVATION,Coordinate uncertainty increased to 29704m to protect threatened taxon,,,https://www.inaturalist.org/observations/171332106,171332106,,Lukasz Madrzynski 孟巨石,,,,,,,,,,,,,,,PRESENT,,,,,,,,,,,,,,,,,,,,,,,2023-02-03T09:55,09:55:00+08:00,34,34,2023,2,3,2023/2/3 09:55,,,,,,,,,,,ASIA,,,,CN,Yunnan,,,,""Dêqên Tibetan, CN-YN, CN"",,,,,,,,27.644575,99.237657,29704,,,,,,,,,,,,,,,,,,,,,,,,,,,,,,,382609052,,,,Lukasz Madrzynski 孟巨石,,2023-07-06T05:09:31,,,,75026,,,,,,,,""Rhinopithecus bieti A.Milne-Edwards, 1897"",,,,,,,,Animalia,Chordata,Mammalia,Primates,,Cercopithecidae,,,,Rhinopithecus,Rhinopithecus,,,bieti,,,SPECIES,,,,ACCEPTED,,,50c9509d-22c7-4a22-a47d-8c48425ef4a7,US,2025-02-16T14:37:47.987Z,,,,,,COORDINATE_ROUNDED;CONTINENT_DERIVED_FROM_COORDINATES;TAXON_MATCH_TAXON_ID_IGNORED,StillImage,TRUE,FALSE,4267007,4267007,1,44,359,798,9622,4267002,,4267007,Rhinopithecus bieti,""Rhinopithecus bieti A.Milne-Edwards, 1897"",Rhinopithecus bieti,,DWC_ARCHIVE,2025-02-16T14:37:47.987Z,2025-02-16T04:52:36.717Z,TRUE,,,FALSE,ASIA,NORTH_AMERICA,CHN,China,CHN.30_1,Yunnan,CHN.30.5_1,Dêqên Tibetan,CHN.30.5.1_1,Dêqên,EN"
"4153810249,,,,CC_BY_NC_4_0,2024-05-05T16:04:57Z,,https://www.inaturalist.org/observations/171332103,Lukasz Madrzynski 孟巨石,,,,,iNaturalist,Observations,iNaturalist research-grade observations,,HUMAN_OBSERVATION,Coordinate uncertainty increased to 29704m to protect threatened taxon,,,https://www.inaturalist.org/observations/171332103,171332103,,Lukasz Madrzynski 孟巨石,,,,,,,,,,,,,,,PRESENT,,,,,,,,,,,,,,,,,,,,,,,2023-02-03T10:00,10:00:00+08:00,34,34,2023,2,3,2023/2/3 10:00,,,,,,,,,,,ASIA,,,,CN,Yunnan,,,,""Dêqên Tibetan, CN-YN, CN"",,,,,,,,27.610418,99.270791,29704,,,,,,,,,,,,,,,,,,,,,,,,,,,,,,,382609046,,,,Lukasz Madrzynski 孟巨石,,2023-07-06T05:09:30,,,,75026,,,,,,,,""Rhinopithecus bieti A.Milne-Edwards, 1897"",,,,,,,,Animalia,Chordata,Mammalia,Primates,,Cercopithecidae,,,,Rhinopithecus,Rhinopithecus,,,bieti,,,SPECIES,,,,ACCEPTED,,,50c9509d-22c7-4a22-a47d-8c48425ef4a7,US,2025-02-16T14:37:49.206Z,,,,,,COORDINATE_ROUNDED;CONTINENT_DERIVED_FROM_COORDINATES;TAXON_MATCH_TAXON_ID_IGNORED,StillImage,TRUE,FALSE,4267007,4267007,1,44,359,798,9622,4267002,,4267007,Rhinopithecus bieti,""Rhinopithecus bieti A.Milne-Edwards, 1897"",Rhinopithecus bieti,,DWC_ARCHIVE,2025-02-16T14:37:49.206Z,2025-02-16T04:52:36.717Z,TRUE,,,FALSE,ASIA,NORTH_AMERICA,CHN,China,CHN.30_1,Yunnan,CHN.30.5_1,Dêqên Tibetan,CHN.30.5.1_1,Dêqên,EN"
"4153666197,,,,CC_BY_NC_4_0,2024-05-05T16:04:58Z,,https://www.inaturalist.org/observations/171332101,Lukasz Madrzynski 孟巨石,,,,,iNaturalist,Observations,iNaturalist research-grade observations,,HUMAN_OBSERVATION,Coordinate uncertainty increased to 29704m to protect threatened taxon,,,https://www.inaturalist.org/observations/171332101,171332101,,Lukasz Madrzynski 孟巨石,,,,,,,,,,,,,,,PRESENT,,,,,,,,,,,,,,,,,,,,,,,2023-02-03T10:00,10:00:00+08:00,34,34,2023,2,3,2023/2/3 10:00,,,,,,,,,,,ASIA,,,,CN,Yunnan,,,,""Dêqên Tibetan, CN-YN, CN"",,,,,,,,27.750906,99.275715,29704,,,,,,,,,,,,,,,,,,,,,,,,,,,,,,,382609041,,,,Lukasz Madrzynski 孟巨石,,2023-07-06T05:09:30,,,,75026,,,,,,,,""Rhinopithecus bieti A.Milne-Edwards, 1897"",,,,,,,,Animalia,Chordata,Mammalia,Primates,,Cercopithecidae,,,,Rhinopithecus,Rhinopithecus,,,bieti,,,SPECIES,,,,ACCEPTED,,,50c9509d-22c7-4a22-a47d-8c48425ef4a7,US,2025-02-16T14:37:48.109Z,,,,,,COORDINATE_ROUNDED;CONTINENT_DERIVED_FROM_COORDINATES;TAXON_MATCH_TAXON_ID_IGNORED,StillImage,TRUE,FALSE,4267007,4267007,1,44,359,798,9622,4267002,,4267007,Rhinopithecus bieti,""Rhinopithecus bieti A.Milne-Edwards, 1897"",Rhinopithecus bieti,,DWC_ARCHIVE,2025-02-16T14:37:48.109Z,2025-02-16T04:52:36.717Z,TRUE,,,FALSE,ASIA,NORTH_AMERICA,CHN,China,CHN.30_1,Yunnan,CHN.30.5_1,Dêqên Tibetan,CHN.30.5.1_1,Dêqên,EN"
"4153559228,,,,CC_BY_NC_4_0,2024-05-05T16:04:56Z,,https://www.inaturalist.org/observations/171332105,Lukasz Madrzynski 孟巨石,,,,,iNaturalist,Observations,iNaturalist research-grade observations,,HUMAN_OBSERVATION,Coordinate uncertainty increased to 29704m to protect threatened taxon,,,https://www.inaturalist.org/observations/171332105,171332105,,Lukasz Madrzynski 孟巨石,,,,,,,,,,,,,,,PRESENT,,,,,,,,,,,,,,,,,,,,,,,2023-02-03T09:55,09:55:00+08:00,34,34,2023,2,3,2023/2/3 09:55,,,,,,,,,,,ASIA,,,,CN,Yunnan,,,,""Dêqên Tibetan, CN-YN, CN"",,,,,,,,27.70536,99.297104,29704,,,,,,,,,,,,,,,,,,,,,,,,,,,,,,,382609051,,,,Lukasz Madrzynski 孟巨石,,2023-07-06T05:09:31,,,,75026,,,,,,,,""Rhinopithecus bieti A.Milne-Edwards, 1897"",,,,,,,,Animalia,Chordata,Mammalia,Primates,,Cercopithecidae,,,,Rhinopithecus,Rhinopithecus,,,bieti,,,SPECIES,,,,ACCEPTED,,,50c9509d-22c7-4a22-a47d-8c48425ef4a7,US,2025-02-16T14:37:47.292Z,,,,,,COORDINATE_ROUNDED;CONTINENT_DERIVED_FROM_COORDINATES;TAXON_MATCH_TAXON_ID_IGNORED,StillImage,TRUE,FALSE,4267007,4267007,1,44,359,798,9622,4267002,,4267007,Rhinopithecus bieti,""Rhinopithecus bieti A.Milne-Edwards, 1897"",Rhinopithecus bieti,,DWC_ARCHIVE,2025-02-16T14:37:47.292Z,2025-02-16T04:52:36.717Z,TRUE,,,FALSE,ASIA,NORTH_AMERICA,CHN,China,CHN.30_1,Yunnan,CHN.30.5_1,Dêqên Tibetan,CHN.30.5.1_1,Dêqên,EN"
"4153429101,,,,CC_BY_NC_4_0,2024-05-05T16:05:00Z,,https://www.inaturalist.org/observations/171332099,Lukasz Madrzynski 孟巨石,,,,,iNaturalist,Observations,iNaturalist research-grade observations,,HUMAN_OBSERVATION,Coordinate uncertainty increased to 29704m to protect threatened taxon,,,https://www.inaturalist.org/observations/171332099,171332099,,Lukasz Madrzynski 孟巨石,,,,,,,,,,,,,,,PRESENT,,,,,,,,,,,,,,,,,,,,,,,2023-02-03T10:08,10:08:00+08:00,34,34,2023,2,3,2023/2/3 10:08,,,,,,,,,,,ASIA,,,,CN,Yunnan,,,,""Dêqên Tibetan, CN-YN, CN"",,,,,,,,27.711585,99.3766,29704,,,,,,,,,,,,,,,,,,,,,,,,,,,,,,,382609038,,,,Lukasz Madrzynski 孟巨石,,2023-07-06T05:09:28,,,,75026,,,,,,,,""Rhinopithecus bieti A.Milne-Edwards, 1897"",,,,,,,,Animalia,Chordata,Mammalia,Primates,,Cercopithecidae,,,,Rhinopithecus,Rhinopithecus,,,bieti,,,SPECIES,,,,ACCEPTED,,,50c9509d-22c7-4a22-a47d-8c48425ef4a7,US,2025-02-16T14:37:47.660Z,,,,,,COORDINATE_ROUNDED;CONTINENT_DERIVED_FROM_COORDINATES;TAXON_MATCH_TAXON_ID_IGNORED,StillImage,TRUE,FALSE,4267007,4267007,1,44,359,798,9622,4267002,,4267007,Rhinopithecus bieti,""Rhinopithecus bieti A.Milne-Edwards, 1897"",Rhinopithecus bieti,,DWC_ARCHIVE,2025-02-16T14:37:47.660Z,2025-02-16T04:52:36.717Z,TRUE,,,FALSE,ASIA,NORTH_AMERICA,CHN,China,CHN.30_1,Yunnan,CHN.30.5_1,Dêqên Tibetan,CHN.30.5.1_1,Dêqên,EN"
"4153395085,,,,CC_BY_NC_4_0,2024-05-05T16:05:02Z,,https://www.inaturalist.org/observations/171332098,Lukasz Madrzynski 孟巨石,,,,,iNaturalist,Observations,iNaturalist research-grade observations,,HUMAN_OBSERVATION,Coordinate uncertainty increased to 29704m to protect threatened taxon,,,https://www.inaturalist.org/observations/171332098,171332098,,Lukasz Madrzynski 孟巨石,,,,,,,,,,,,,,,PRESENT,,,,,,,,,,,,,,,,,,,,,,,2023-02-03T10:12,10:12:00+08:00,34,34,2023,2,3,2023/2/3 10:12,,,,,,,,,,,ASIA,,,,CN,Yunnan,,,,""Dêqên Tibetan, CN-YN, CN"",,,,,,,,27.786154,99.396142,29704,,,,,,,,,,,,,,,,,,,,,,,,,,,,,,,382609037,,,,Lukasz Madrzynski 孟巨石,,2023-07-06T05:09:28,,,,75026,,,,,,,,""Rhinopithecus bieti A.Milne-Edwards, 1897"",,,,,,,,Animalia,Chordata,Mammalia,Primates,,Cercopithecidae,,,,Rhinopithecus,Rhinopithecus,,,bieti,,,SPECIES,,,,ACCEPTED,,,50c9509d-22c7-4a22-a47d-8c48425ef4a7,US,2025-02-16T14:37:47.984Z,,,,,,COORDINATE_ROUNDED;CONTINENT_DERIVED_FROM_COORDINATES;TAXON_MATCH_TAXON_ID_IGNORED,StillImage,TRUE,FALSE,4267007,4267007,1,44,359,798,9622,4267002,,4267007,Rhinopithecus bieti,""Rhinopithecus bieti A.Milne-Edwards, 1897"",Rhinopithecus bieti,,DWC_ARCHIVE,2025-02-16T14:37:47.984Z,2025-02-16T04:52:36.717Z,TRUE,,,FALSE,ASIA,NORTH_AMERICA,CHN,China,CHN.30_1,Yunnan,CHN.30.5_1,Dêqên Tibetan,CHN.30.5.1_1,Dêqên,EN"
"4067256177,,,,CC_BY_NC_4_0,2024-05-05T16:05:14Z,,https://www.inaturalist.org/observations/151464496,einadia,,,,,iNaturalist,Observations,iNaturalist research-grade observations,,HUMAN_OBSERVATION,Coordinate uncertainty increased to 29704m to protect threatened taxon,,,https://www.inaturalist.org/observations/151464496,151464496,,einadia,,,,,,,,,,,,,,,PRESENT,,,,,,,,,,,,,,,,,,,,,,,2011-06-08T12:07,12:07:00+08:00,159,159,2011,6,8,2011/6/8 12:07,,,,,,,,,,,ASIA,,,,CN,Yunnan,,,,""Dêqên Tibetan, CN-YN, CN"",,,,,,,,27.764266,99.312826,29704,,,,,,,,,,,,,,,,,,,,,,,,,,,,,,,342181679,,,,Michal Sloviak,,2023-03-18T08:53:42,,,,75026,,,,,,,,""Rhinopithecus bieti A.Milne-Edwards, 1897"",,,,,,,,Animalia,Chordata,Mammalia,Primates,,Cercopithecidae,,,,Rhinopithecus,Rhinopithecus,,,bieti,,,SPECIES,,,,ACCEPTED,,,50c9509d-22c7-4a22-a47d-8c48425ef4a7,US,2025-02-16T14:20:45.578Z,,,,,,COORDINATE_ROUNDED;CONTINENT_DERIVED_FROM_COORDINATES;TAXON_MATCH_TAXON_ID_IGNORED,StillImage,TRUE,FALSE,4267007,4267007,1,44,359,798,9622,4267002,,4267007,Rhinopithecus bieti,""Rhinopithecus bieti A.Milne-Edwards, 1897"",Rhinopithecus bieti,,DWC_ARCHIVE,2025-02-16T14:20:45.578Z,2025-02-16T04:52:36.717Z,TRUE,,,FALSE,ASIA,NORTH_AMERICA,CHN,China,CHN.30_1,Yunnan,CHN.30.5_1,Dêqên Tibetan,CHN.30.5.1_1,Dêqên,EN"
"4046330591,,,,CC_BY_NC_4_0,2024-05-05T16:05:16Z,,https://www.inaturalist.org/observations/148746329,Lukasz Madrzynski 孟巨石,,,,,iNaturalist,Observations,iNaturalist research-grade observations,,HUMAN_OBSERVATION,Coordinate uncertainty increased to 29704m at the request of the observer,,,https://www.inaturalist.org/observations/148746329,148746329,,Lukasz Madrzynski 孟巨石,,,,,,,,,,,,,,,PRESENT,,,,,,,,,,,,,,,,,,,,,,,2023-02-03T09:39,09:39:00+08:00,34,34,2023,2,3,2023/2/3 09:39,,,,,,,,,,,ASIA,,,,CN,Yunnan,,,,""Dêqên Tibetan, CN-YN, CN"",,,,,,,,27.639454,99.370125,29704,,,,,,,,,,,,,,,,,,,,,,,,,,,,,,,333843426,,,,Lukasz Madrzynski 孟巨石,,2023-02-14T07:25:00,,,,75026,,,,,,,,""Rhinopithecus bieti A.Milne-Edwards, 1897"",,,,,,,,Animalia,Chordata,Mammalia,Primates,,Cercopithecidae,,,,Rhinopithecus,Rhinopithecus,,,bieti,,,SPECIES,,,,ACCEPTED,,,50c9509d-22c7-4a22-a47d-8c48425ef4a7,US,2025-02-16T14:18:16.516Z,,,,,,COORDINATE_ROUNDED;CONTINENT_DERIVED_FROM_COORDINATES;TAXON_MATCH_TAXON_ID_IGNORED,StillImage,TRUE,FALSE,4267007,4267007,1,44,359,798,9622,4267002,,4267007,Rhinopithecus bieti,""Rhinopithecus bieti A.Milne-Edwards, 1897"",Rhinopithecus bieti,,DWC_ARCHIVE,2025-02-16T14:18:16.516Z,2025-02-16T04:52:36.717Z,TRUE,,,FALSE,ASIA,NORTH_AMERICA,CHN,China,CHN.30_1,Yunnan,CHN.30.5_1,Dêqên Tibetan,CHN.30.5.2_1,Weixin,EN"
"4018317032,,,,CC_BY_NC_4_0,2024-05-05T16:05:18Z,,https://www.inaturalist.org/observations/146435861,rbartgis,,,,,iNaturalist,Observations,iNaturalist research-grade observations,,HUMAN_OBSERVATION,Coordinate uncertainty increased to 29704m at the request of the observer,,,https://www.inaturalist.org/observations/146435861,146435861,,rbartgis,,,,,,,,,,,,,,,PRESENT,,,,,,,,,,,,,,,,,,,,,,,2011-11-03T01:38,01:38:00+08:00,307,307,2011,11,3,2011/11/3 01:38,,,,,,,,,,,ASIA,,,,CN,Yunnan,,,,""Dêqên Tibetan, CN-YN, CN"",,,,,,,,27.600665,99.365113,29704,,,,,,,,,,,,,,,,,,,,,,,,,,,,,,,326810894,,,,rbartgis,,2023-01-13T00:56:18,,,,75026,,,,,,,,""Rhinopithecus bieti A.Milne-Edwards, 1897"",,,,,,,,Animalia,Chordata,Mammalia,Primates,,Cercopithecidae,,,,Rhinopithecus,Rhinopithecus,,,bieti,,,SPECIES,,,,ACCEPTED,,,50c9509d-22c7-4a22-a47d-8c48425ef4a7,US,2025-02-16T14:16:15.082Z,,,,,,COORDINATE_ROUNDED;CONTINENT_DERIVED_FROM_COORDINATES;TAXON_MATCH_TAXON_ID_IGNORED,StillImage,TRUE,FALSE,4267007,4267007,1,44,359,798,9622,4267002,,4267007,Rhinopithecus bieti,""Rhinopithecus bieti A.Milne-Edwards, 1897"",Rhinopithecus bieti,,DWC_ARCHIVE,2025-02-16T14:16:15.082Z,2025-02-16T04:52:36.717Z,TRUE,,,FALSE,ASIA,NORTH_AMERICA,CHN,China,CHN.30_1,Yunnan,CHN.30.5_1,Dêqên Tibetan,CHN.30.5.2_1,Weixin,EN"
"4018131998,,,,CC_BY_NC_4_0,2024-05-05T16:05:17Z,,https://www.inaturalist.org/observations/146435862,rbartgis,,,,,iNaturalist,Observations,iNaturalist research-grade observations,,HUMAN_OBSERVATION,Coordinate uncertainty increased to 29704m at the request of the observer,,,https://www.inaturalist.org/observations/146435862,146435862,,rbartgis,,,,,,,,,,,,,,,PRESENT,,,,,,,,,,,,,,,,,,,,,,,2011-11-03T01:04,01:04:00+08:00,307,307,2011,11,3,2011/11/3 01:04,,,,,,,,,,,ASIA,,,,CN,Yunnan,,,,""Dêqên Tibetan, CN-YN, CN"",,,,,,,,27.746968,99.247178,29704,,,,,,,,,,,,,,,,,,,,,,,,,,,,,,,326810895,,,,rbartgis,,2023-01-13T00:56:18,,,,75026,,,,,,,,""Rhinopithecus bieti A.Milne-Edwards, 1897"",,,,,,,,Animalia,Chordata,Mammalia,Primates,,Cercopithecidae,,,,Rhinopithecus,Rhinopithecus,,,bieti,,,SPECIES,,,,ACCEPTED,,,50c9509d-22c7-4a22-a47d-8c48425ef4a7,US,2025-02-16T14:16:14.887Z,,,,,,COORDINATE_ROUNDED;CONTINENT_DERIVED_FROM_COORDINATES;TAXON_MATCH_TAXON_ID_IGNORED,StillImage,TRUE,FALSE,4267007,4267007,1,44,359,798,9622,4267002,,4267007,Rhinopithecus bieti,""Rhinopithecus bieti A.Milne-Edwards, 1897"",Rhinopithecus bieti,,DWC_ARCHIVE,2025-02-16T14:16:14.887Z,2025-02-16T04:52:36.717Z,TRUE,,,FALSE,ASIA,NORTH_AMERICA,CHN,China,CHN.30_1,Yunnan,CHN.30.5_1,Dêqên Tibetan,CHN.30.5.1_1,Dêqên,EN"
"4009719097,,,,CC_BY_NC_4_0,2025-02-03T19:23:17Z,,https://www.inaturalist.org/observations/145052220,花蚀,,,,,iNaturalist,Observations,iNaturalist research-grade observations,,HUMAN_OBSERVATION,Coordinate uncertainty increased to 29704m to protect threatened taxon,,,https://www.inaturalist.org/observations/145052220,145052220,,花蚀,,,,,,,,,,,,,,,PRESENT,,,,,,,,""""""Broken Hand"""", King of Ringing Forest Valley, R.I.P."",,,,,,,,,,,,,,,2016-08-28T10:48:05,10:48:05+08:00,241,241,2016,8,28,2016/8/28 10:48,,,,,,,,,,,ASIA,,,,CN,Yunnan,,,,""Dêqên Tibetan, CN-YN, CN"",,,,,,,,27.76482,99.337744,29704,,,,,,,,,,,,,,,,,,,,,,,,,,,,,,,322653569,,,,花蚀,,2022-12-25T17:02:03,,,,75026,,,,,,,,""Rhinopithecus bieti A.Milne-Edwards, 1897"",,,,,,,,Animalia,Chordata,Mammalia,Primates,,Cercopithecidae,,,,Rhinopithecus,Rhinopithecus,,,bieti,,,SPECIES,,,,ACCEPTED,,,50c9509d-22c7-4a22-a47d-8c48425ef4a7,US,2025-02-16T14:14:55.636Z,,,,,,COORDINATE_ROUNDED;CONTINENT_DERIVED_FROM_COORDINATES;TAXON_MATCH_TAXON_ID_IGNORED,StillImage,TRUE,FALSE,4267007,4267007,1,44,359,798,9622,4267002,,4267007,Rhinopithecus bieti,""Rhinopithecus bieti A.Milne-Edwards, 1897"",Rhinopithecus bieti,,DWC_ARCHIVE,2025-02-16T14:14:55.636Z,2025-02-16T04:52:36.717Z,TRUE,,,FALSE,ASIA,NORTH_AMERICA,CHN,China,CHN.30_1,Yunnan,CHN.30.5_1,Dêqên Tibetan,CHN.30.5.1_1,Dêqên,EN"
"4006522347,,,,CC_BY_NC_4_0,2024-05-05T16:07:38Z,,https://www.inaturalist.org/observations/52101163,paulhyde14,,,,,iNaturalist,Observations,iNaturalist research-grade observations,,HUMAN_OBSERVATION,Coordinate uncertainty increased to 30003m to protect threatened taxon,,,https://www.inaturalist.org/observations/52101163,52101163,,paulhyde14,,,,,,,,,,,,,,,PRESENT,,,,,,,,,,,,,,,,,,,,,,,2019-02-07T03:33,03:33:00-08:00,38,38,2019,2,7,2019/02/07 3:33 AM PST,,,,,,,,,,,ASIA,,,,CN,Yunnan,,,,""Dehong Dai and Jingpo, CN-YN, CN"",,,,,,,,25.049671,97.955566,30003,,,,,,,,,,,,,,,,,,,,,,,,,,,,,,,115169657,,,,paulhyde14,,2020-07-06T01:33:54,,,,75026,,,,,,,,""Rhinopithecus bieti A.Milne-Edwards, 1897"",,,,,,,,Animalia,Chordata,Mammalia,Primates,,Cercopithecidae,,,,Rhinopithecus,Rhinopithecus,,,bieti,,,SPECIES,,,,ACCEPTED,,,50c9509d-22c7-4a22-a47d-8c48425ef4a7,GB,2025-02-16T16:40:50.914Z,,,,,,COORDINATE_ROUNDED;CONTINENT_DERIVED_FROM_COORDINATES;TAXON_MATCH_TAXON_ID_IGNORED,StillImage,TRUE,FALSE,4267007,4267007,1,44,359,798,9622,4267002,,4267007,Rhinopithecus bieti,""Rhinopithecus bieti A.Milne-Edwards, 1897"",Rhinopithecus bieti,,DWC_ARCHIVE,2025-02-16T16:40:50.914Z,2025-02-16T04:52:36.717Z,TRUE,,,FALSE,ASIA,EUROPE,CHN,China,CHN.30_1,Yunnan,CHN.30.4_1,Dehong Dai and Jingpo,CHN.30.4.5_1,Yingjiang,EN"
"3985724868,,,,CC_BY_4_0,2023-05-14T10:47:13Z,,https://www.inaturalist.org/observations/137938828,HUANG QIN,,,,,iNaturalist,Observations,iNaturalist research-grade observations,,HUMAN_OBSERVATION,Coordinate uncertainty increased to 29704m to protect threatened taxon,,,https://www.inaturalist.org/observations/137938828,137938828,,HUANG QIN,,,,,,,,,,,,,,,PRESENT,,,,,,,,,,,,,,,,,,,,,,,2022-08-16T10:23,10:23:00+08:00,228,228,2022,8,16,2022/8/16 10:23,,,,,,,,,,,ASIA,,,,CN,Yunnan,,,,""Dêqên Tibetan, CN-YN, CN"",,,,,,,,27.788018,99.271113,29704,,,,,,,,,,,,,,,,,,,,,,,,,,,,,,,304021007,,,,HUANG QIN,,2022-10-08T04:07:43,,,,75026,,,,,,,,""Rhinopithecus bieti A.Milne-Edwards, 1897"",,,,,,,,Animalia,Chordata,Mammalia,Primates,,Cercopithecidae,,,,Rhinopithecus,Rhinopithecus,,,bieti,,,SPECIES,,,,ACCEPTED,,,50c9509d-22c7-4a22-a47d-8c48425ef4a7,US,2025-02-16T14:09:03.379Z,,,,,,COORDINATE_ROUNDED;CONTINENT_DERIVED_FROM_COORDINATES;TAXON_MATCH_TAXON_ID_IGNORED,,TRUE,FALSE,4267007,4267007,1,44,359,798,9622,4267002,,4267007,Rhinopithecus bieti,""Rhinopithecus bieti A.Milne-Edwards, 1897"",Rhinopithecus bieti,,DWC_ARCHIVE,2025-02-16T14:09:03.379Z,2025-02-16T04:52:36.717Z,TRUE,,,FALSE,ASIA,NORTH_AMERICA,CHN,China,CHN.30_1,Yunnan,CHN.30.5_1,Dêqên Tibetan,CHN.30.5.1_1,Dêqên,EN"
"3925171094,,,,CC_BY_4_0,2024-05-05T16:06:07Z,,https://www.inaturalist.org/observations/137872652,HUANG QIN,,,,,iNaturalist,Observations,iNaturalist research-grade observations,,HUMAN_OBSERVATION,Coordinate uncertainty increased to 29704m to protect threatened taxon,,,https://www.inaturalist.org/observations/137872652,137872652,,HUANG QIN,,,,,,,,,,,,,,,PRESENT,,,,,,,,,,,,,,,,,,,,,,,2022-08-16T10:35,10:35:00+08:00,228,228,2022,8,16,2022/8/16 10:35,,,,,,,,,,,ASIA,,,,CN,Yunnan,,,,""Dêqên Tibetan, CN-YN, CN"",,,,,,,,27.644229,99.349859,29704,,,,,,,,,,,,,,,,,,,,,,,,,,,,,,,303871384,,,,HUANG QIN,,2022-10-07T16:30:39,,,,75026,,,,,,,,""Rhinopithecus bieti A.Milne-Edwards, 1897"",,,,,,,,Animalia,Chordata,Mammalia,Primates,,Cercopithecidae,,,,Rhinopithecus,Rhinopithecus,,,bieti,,,SPECIES,,,,ACCEPTED,,,50c9509d-22c7-4a22-a47d-8c48425ef4a7,US,2025-02-16T18:00:08.274Z,,,,,,COORDINATE_ROUNDED;CONTINENT_DERIVED_FROM_COORDINATES;TAXON_MATCH_TAXON_ID_IGNORED,,TRUE,FALSE,4267007,4267007,1,44,359,798,9622,4267002,,4267007,Rhinopithecus bieti,""Rhinopithecus bieti A.Milne-Edwards, 1897"",Rhinopithecus bieti,,DWC_ARCHIVE,2025-02-16T18:00:08.274Z,2025-02-16T04:52:36.717Z,TRUE,,,FALSE,ASIA,NORTH_AMERICA,CHN,China,CHN.30_1,Yunnan,CHN.30.5_1,Dêqên Tibetan,CHN.30.5.2_1,Weixin,EN"
"3925157100,,,,CC_BY_4_0,2024-05-05T16:06:10Z,,https://www.inaturalist.org/observations/137872651,HUANG QIN,,,,,iNaturalist,Observations,iNaturalist research-grade observations,,HUMAN_OBSERVATION,Coordinate uncertainty increased to 29704m to protect threatened taxon,,,https://www.inaturalist.org/observations/137872651,137872651,,HUANG QIN,,,,,,,,,,,,,,,PRESENT,,,,,,,,,,,,,,,,,,,,,,,2022-08-16T10:24,10:24:00+08:00,228,228,2022,8,16,2022/8/16 10:24,,,,,,,,,,,ASIA,,,,CN,Yunnan,,,,""Dêqên Tibetan, CN-YN, CN"",,,,,,,,27.647964,99.356527,29704,,,,,,,,,,,,,,,,,,,,,,,,,,,,,,,303871383,,,,HUANG QIN,,2022-10-07T16:30:38,,,,75026,,,,,,,,""Rhinopithecus bieti A.Milne-Edwards, 1897"",,,,,,,,Animalia,Chordata,Mammalia,Primates,,Cercopithecidae,,,,Rhinopithecus,Rhinopithecus,,,bieti,,,SPECIES,,,,ACCEPTED,,,50c9509d-22c7-4a22-a47d-8c48425ef4a7,US,2025-02-16T18:00:08.372Z,,,,,,COORDINATE_ROUNDED;CONTINENT_DERIVED_FROM_COORDINATES;TAXON_MATCH_TAXON_ID_IGNORED,,TRUE,FALSE,4267007,4267007,1,44,359,798,9622,4267002,,4267007,Rhinopithecus bieti,""Rhinopithecus bieti A.Milne-Edwards, 1897"",Rhinopithecus bieti,,DWC_ARCHIVE,2025-02-16T18:00:08.372Z,2025-02-16T04:52:36.717Z,TRUE,,,FALSE,ASIA,NORTH_AMERICA,CHN,China,CHN.30_1,Yunnan,CHN.30.5_1,Dêqên Tibetan,CHN.30.5.2_1,Weixin,EN"
"3925054097,,,,CC_BY_4_0,2024-05-05T16:06:06Z,,https://www.inaturalist.org/observations/137872653,HUANG QIN,,,,,iNaturalist,Observations,iNaturalist research-grade observations,,HUMAN_OBSERVATION,Coordinate uncertainty increased to 29704m to protect threatened taxon,,,https://www.inaturalist.org/observations/137872653,137872653,,HUANG QIN,,,,,,,,,,,,,,,PRESENT,,,,,,,,,,,,,,,,,,,,,,,2022-08-16T10:43,10:43:00+08:00,228,228,2022,8,16,2022/8/16 10:43,,,,,,,,,,,ASIA,,,,CN,Yunnan,,,,""Dêqên Tibetan, CN-YN, CN"",,,,,,,,27.731267,99.306852,29704,,,,,,,,,,,,,,,,,,,,,,,,,,,,,,,303871385,,,,HUANG QIN,,2022-10-07T16:30:39,,,,75026,,,,,,,,""Rhinopithecus bieti A.Milne-Edwards, 1897"",,,,,,,,Animalia,Chordata,Mammalia,Primates,,Cercopithecidae,,,,Rhinopithecus,Rhinopithecus,,,bieti,,,SPECIES,,,,ACCEPTED,,,50c9509d-22c7-4a22-a47d-8c48425ef4a7,US,2025-02-16T18:00:07.975Z,,,,,,COORDINATE_ROUNDED;CONTINENT_DERIVED_FROM_COORDINATES;TAXON_MATCH_TAXON_ID_IGNORED,,TRUE,FALSE,4267007,4267007,1,44,359,798,9622,4267002,,4267007,Rhinopithecus bieti,""Rhinopithecus bieti A.Milne-Edwards, 1897"",Rhinopithecus bieti,,DWC_ARCHIVE,2025-02-16T18:00:07.975Z,2025-02-16T04:52:36.717Z,TRUE,,,FALSE,ASIA,NORTH_AMERICA,CHN,China,CHN.30_1,Yunnan,CHN.30.5_1,Dêqên Tibetan,CHN.30.5.1_1,Dêqên,EN"
"3925039104,,,,CC_BY_4_0,2024-05-05T16:06:01Z,,https://www.inaturalist.org/observations/137872659,HUANG QIN,,,,,iNaturalist,Observations,iNaturalist research-grade observations,,HUMAN_OBSERVATION,Coordinate uncertainty increased to 29704m to protect threatened taxon,,,https://www.inaturalist.org/observations/137872659,137872659,,HUANG QIN,,,,,,,,,,,,,,,PRESENT,,,,,,,,,,,,,,,,,,,,,,,2022-08-16T11:00,11:00:00+08:00,228,228,2022,8,16,2022/8/16 11:00,,,,,,,,,,,ASIA,,,,CN,Yunnan,,,,""Dêqên Tibetan, CN-YN, CN"",,,,,,,,27.706569,99.249027,29704,,,,,,,,,,,,,,,,,,,,,,,,,,,,,,,303871393,,,,HUANG QIN,,2022-10-07T16:30:41,,,,75026,,,,,,,,""Rhinopithecus bieti A.Milne-Edwards, 1897"",,,,,,,,Animalia,Chordata,Mammalia,Primates,,Cercopithecidae,,,,Rhinopithecus,Rhinopithecus,,,bieti,,,SPECIES,,,,ACCEPTED,,,50c9509d-22c7-4a22-a47d-8c48425ef4a7,US,2025-02-16T14:09:00.180Z,,,,,,COORDINATE_ROUNDED;CONTINENT_DERIVED_FROM_COORDINATES;TAXON_MATCH_TAXON_ID_IGNORED,,TRUE,FALSE,4267007,4267007,1,44,359,798,9622,4267002,,4267007,Rhinopithecus bieti,""Rhinopithecus bieti A.Milne-Edwards, 1897"",Rhinopithecus bieti,,DWC_ARCHIVE,2025-02-16T14:09:00.180Z,2025-02-16T04:52:36.717Z,TRUE,,,FALSE,ASIA,NORTH_AMERICA,CHN,China,CHN.30_1,Yunnan,CHN.30.5_1,Dêqên Tibetan,CHN.30.5.1_1,Dêqên,EN"
"3925023103,,,,CC_BY_4_0,2024-05-05T16:05:58Z,,https://www.inaturalist.org/observations/137872660,HUANG QIN,,,,,iNaturalist,Observations,iNaturalist research-grade observations,,HUMAN_OBSERVATION,Coordinate uncertainty increased to 29704m to protect threatened taxon,,,https://www.inaturalist.org/observations/137872660,137872660,,HUANG QIN,,,,,,,,,,,,,,,PRESENT,,,,,,,,,,,,,,,,,,,,,,,2022-08-16T11:01,11:01:00+08:00,228,228,2022,8,16,2022/8/16 11:01,,,,,,,,,,,ASIA,,,,CN,Yunnan,,,,""Dêqên Tibetan, CN-YN, CN"",,,,,,,,27.696351,99.213272,29704,,,,,,,,,,,,,,,,,,,,,,,,,,,,,,,303871394,,,,HUANG QIN,,2022-10-07T16:30:41,,,,75026,,,,,,,,""Rhinopithecus bieti A.Milne-Edwards, 1897"",,,,,,,,Animalia,Chordata,Mammalia,Primates,,Cercopithecidae,,,,Rhinopithecus,Rhinopithecus,,,bieti,,,SPECIES,,,,ACCEPTED,,,50c9509d-22c7-4a22-a47d-8c48425ef4a7,US,2025-02-16T14:08:59.969Z,,,,,,COORDINATE_ROUNDED;CONTINENT_DERIVED_FROM_COORDINATES;TAXON_MATCH_TAXON_ID_IGNORED,,TRUE,FALSE,4267007,4267007,1,44,359,798,9622,4267002,,4267007,Rhinopithecus bieti,""Rhinopithecus bieti A.Milne-Edwards, 1897"",Rhinopithecus bieti,,DWC_ARCHIVE,2025-02-16T14:08:59.969Z,2025-02-16T04:52:36.717Z,TRUE,,,FALSE,ASIA,NORTH_AMERICA,CHN,China,CHN.30_1,Yunnan,CHN.30.5_1,Dêqên Tibetan,CHN.30.5.1_1,Dêqên,EN"
"3924990083,,,,CC_BY_4_0,2024-05-05T16:06:03Z,,https://www.inaturalist.org/observations/137872655,HUANG QIN,,,,,iNaturalist,Observations,iNaturalist research-grade observations,,HUMAN_OBSERVATION,Coordinate uncertainty increased to 29704m to protect threatened taxon,,,https://www.inaturalist.org/observations/137872655,137872655,,HUANG QIN,,,,,,,,,,,,,,,PRESENT,,,,,,,,,,,,,,,,,,,,,,,2022-08-16T11:05,11:05:00+08:00,228,228,2022,8,16,2022/8/16 11:05,,,,,,,,,,,ASIA,,,,CN,Yunnan,,,,""Dêqên Tibetan, CN-YN, CN"",,,,,,,,27.657343,99.29532,29704,,,,,,,,,,,,,,,,,,,,,,,,,,,,,,,303871387,,,,HUANG QIN,,2022-10-07T16:30:40,,,,75026,,,,,,,,""Rhinopithecus bieti A.Milne-Edwards, 1897"",,,,,,,,Animalia,Chordata,Mammalia,Primates,,Cercopithecidae,,,,Rhinopithecus,Rhinopithecus,,,bieti,,,SPECIES,,,,ACCEPTED,,,50c9509d-22c7-4a22-a47d-8c48425ef4a7,US,2025-02-16T14:09:00.193Z,,,,,,COORDINATE_ROUNDED;CONTINENT_DERIVED_FROM_COORDINATES;TAXON_MATCH_TAXON_ID_IGNORED,,TRUE,FALSE,4267007,4267007,1,44,359,798,9622,4267002,,4267007,Rhinopithecus bieti,""Rhinopithecus bieti A.Milne-Edwards, 1897"",Rhinopithecus bieti,,DWC_ARCHIVE,2025-02-16T14:09:00.193Z,2025-02-16T04:52:36.717Z,TRUE,,,FALSE,ASIA,NORTH_AMERICA,CHN,China,CHN.30_1,Yunnan,CHN.30.5_1,Dêqên Tibetan,CHN.30.5.1_1,Dêqên,EN"
"3892631751,,,,CC_BY_NC_4_0,2024-05-05T16:06:45Z,,https://www.inaturalist.org/observations/130464570,Lukasz Madrzynski 孟巨石,,,,,iNaturalist,Observations,iNaturalist research-grade observations,,HUMAN_OBSERVATION,Coordinate uncertainty increased to 29704m at the request of the observer,,,https://www.inaturalist.org/observations/130464570,130464570,,Lukasz Madrzynski 孟巨石,,,,,,,,,,,,,,,PRESENT,,,,,,,,,,,,,,,,,,,,,,,2022-08-09T09:21,09:21:00+08:00,221,221,2022,8,9,2022/8/9 09:21,,,,,,,,,,,ASIA,,,,CN,Yunnan,,,,""Dêqên Tibetan, CN-YN, CN"",,,,,,,,27.699808,99.377794,29704,,,,,,,,,,,,,,,,,,,,,,,,,,,,,,,287790172,,,,Lukasz Madrzynski 孟巨石,,2022-08-12T05:40:27,,,,75026,,,,,,,,""Rhinopithecus bieti A.Milne-Edwards, 1897"",,,,,,,,Animalia,Chordata,Mammalia,Primates,,Cercopithecidae,,,,Rhinopithecus,Rhinopithecus,,,bieti,,,SPECIES,,,,ACCEPTED,,,50c9509d-22c7-4a22-a47d-8c48425ef4a7,US,2025-02-16T17:53:59.121Z,,,,,,COORDINATE_ROUNDED;CONTINENT_DERIVED_FROM_COORDINATES;TAXON_MATCH_TAXON_ID_IGNORED,StillImage,TRUE,FALSE,4267007,4267007,1,44,359,798,9622,4267002,,4267007,Rhinopithecus bieti,""Rhinopithecus bieti A.Milne-Edwards, 1897"",Rhinopithecus bieti,,DWC_ARCHIVE,2025-02-16T17:53:59.121Z,2025-02-16T04:52:36.717Z,TRUE,,,FALSE,ASIA,NORTH_AMERICA,CHN,China,CHN.30_1,Yunnan,CHN.30.5_1,Dêqên Tibetan,CHN.30.5.1_1,Dêqên,EN"
"3892549791,,,,CC_BY_NC_4_0,2024-05-05T16:06:19Z,,https://www.inaturalist.org/observations/130464572,Lukasz Madrzynski 孟巨石,,,,,iNaturalist,Observations,iNaturalist research-grade observations,,HUMAN_OBSERVATION,Coordinate uncertainty increased to 29704m at the request of the observer,,,https://www.inaturalist.org/observations/130464572,130464572,,Lukasz Madrzynski 孟巨石,,,,,,,,,,,,,,,PRESENT,,,,,,,,,,,,,,,,,,,,,,,2022-08-09T09:39,09:39:00+08:00,221,221,2022,8,9,2022/8/9 09:39,,,,,,,,,,,ASIA,,,,CN,Yunnan,,,,""Dêqên Tibetan, CN-YN, CN"",,,,,,,,27.704713,99.321254,29704,,,,,,,,,,,,,,,,,,,,,,,,,,,,,,,287790175,,,,Lukasz Madrzynski 孟巨石,,2022-08-12T05:40:28,,,,75026,,,,,,,,""Rhinopithecus bieti A.Milne-Edwards, 1897"",,,,,,,,Animalia,Chordata,Mammalia,Primates,,Cercopithecidae,,,,Rhinopithecus,Rhinopithecus,,,bieti,,,SPECIES,,,,ACCEPTED,,,50c9509d-22c7-4a22-a47d-8c48425ef4a7,US,2025-02-16T14:02:18.750Z,,,,,,COORDINATE_ROUNDED;CONTINENT_DERIVED_FROM_COORDINATES;TAXON_MATCH_TAXON_ID_IGNORED,StillImage,TRUE,FALSE,4267007,4267007,1,44,359,798,9622,4267002,,4267007,Rhinopithecus bieti,""Rhinopithecus bieti A.Milne-Edwards, 1897"",Rhinopithecus bieti,,DWC_ARCHIVE,2025-02-16T14:02:18.750Z,2025-02-16T04:52:36.717Z,TRUE,,,FALSE,ASIA,NORTH_AMERICA,CHN,China,CHN.30_1,Yunnan,CHN.30.5_1,Dêqên Tibetan,CHN.30.5.1_1,Dêqên,EN"
"3892397756,,,,CC_BY_NC_4_0,2024-05-05T16:06:12Z,,https://www.inaturalist.org/observations/130464574,Lukasz Madrzynski 孟巨石,,,,,iNaturalist,Observations,iNaturalist research-grade observations,,HUMAN_OBSERVATION,Coordinate uncertainty increased to 29704m at the request of the observer,,,https://www.inaturalist.org/observations/130464574,130464574,,Lukasz Madrzynski 孟巨石,,,,,,,,,,,,,,,PRESENT,,,,,,,,,,,,,,,,,,,,,,,2022-08-09T10:27,10:27:00+08:00,221,221,2022,8,9,2022/8/9 10:27,,,,,,,,,,,ASIA,,,,CN,Yunnan,,,,""Dêqên Tibetan, CN-YN, CN"",,,,,,,,27.71473,99.314603,29704,,,,,,,,,,,,,,,,,,,,,,,,,,,,,,,287790178,,,,Lukasz Madrzynski 孟巨石,,2022-08-12T05:40:29,,,,75026,,,,,,,,""Rhinopithecus bieti A.Milne-Edwards, 1897"",,,,,,,,Animalia,Chordata,Mammalia,Primates,,Cercopithecidae,,,,Rhinopithecus,Rhinopithecus,,,bieti,,,SPECIES,,,,ACCEPTED,,,50c9509d-22c7-4a22-a47d-8c48425ef4a7,US,2025-02-16T14:02:18.244Z,,,,,,COORDINATE_ROUNDED;CONTINENT_DERIVED_FROM_COORDINATES;TAXON_MATCH_TAXON_ID_IGNORED,StillImage,TRUE,FALSE,4267007,4267007,1,44,359,798,9622,4267002,,4267007,Rhinopithecus bieti,""Rhinopithecus bieti A.Milne-Edwards, 1897"",Rhinopithecus bieti,,DWC_ARCHIVE,2025-02-16T14:02:18.244Z,2025-02-16T04:52:36.717Z,TRUE,,,FALSE,ASIA,NORTH_AMERICA,CHN,China,CHN.30_1,Yunnan,CHN.30.5_1,Dêqên Tibetan,CHN.30.5.1_1,Dêqên,EN"
"3892341769,,,,CC_BY_NC_4_0,2024-05-05T16:06:47Z,,https://www.inaturalist.org/observations/130464571,Lukasz Madrzynski 孟巨石,,,,,iNaturalist,Observations,iNaturalist research-grade observations,,HUMAN_OBSERVATION,Coordinate uncertainty increased to 29704m at the request of the observer,,,https://www.inaturalist.org/observations/130464571,130464571,,Lukasz Madrzynski 孟巨石,,,,,,,,,,,,,,,PRESENT,,,,,,,,,,,,,,,,,,,,,,,2022-08-09T09:46,09:46:00+08:00,221,221,2022,8,9,2022/8/9 09:46,,,,,,,,,,,ASIA,,,,CN,Yunnan,,,,""Dêqên Tibetan, CN-YN, CN"",,,,,,,,27.69909,99.289776,29704,,,,,,,,,,,,,,,,,,,,,,,,,,,,,,,287790174,,,,Lukasz Madrzynski 孟巨石,,2022-08-12T05:40:28,,,,75026,,,,,,,,""Rhinopithecus bieti A.Milne-Edwards, 1897"",,,,,,,,Animalia,Chordata,Mammalia,Primates,,Cercopithecidae,,,,Rhinopithecus,Rhinopithecus,,,bieti,,,SPECIES,,,,ACCEPTED,,,50c9509d-22c7-4a22-a47d-8c48425ef4a7,US,2025-02-16T14:02:18.355Z,,,,,,COORDINATE_ROUNDED;CONTINENT_DERIVED_FROM_COORDINATES;TAXON_MATCH_TAXON_ID_IGNORED,StillImage,TRUE,FALSE,4267007,4267007,1,44,359,798,9622,4267002,,4267007,Rhinopithecus bieti,""Rhinopithecus bieti A.Milne-Edwards, 1897"",Rhinopithecus bieti,,DWC_ARCHIVE,2025-02-16T14:02:18.355Z,2025-02-16T04:52:36.717Z,TRUE,,,FALSE,ASIA,NORTH_AMERICA,CHN,China,CHN.30_1,Yunnan,CHN.30.5_1,Dêqên Tibetan,CHN.30.5.1_1,Dêqên,EN"
"3892306768,,,,CC_BY_NC_4_0,2024-05-05T16:06:14Z,,https://www.inaturalist.org/observations/130464573,Lukasz Madrzynski 孟巨石,,,,,iNaturalist,Observations,iNaturalist research-grade observations,,HUMAN_OBSERVATION,Coordinate uncertainty increased to 29704m at the request of the observer,,,https://www.inaturalist.org/observations/130464573,130464573,,Lukasz Madrzynski 孟巨石,,,,,,,,,,,,,,,PRESENT,,,,,,,,,,,,,,,,,,,,,,,2022-08-09T10:14,10:14:00+08:00,221,221,2022,8,9,2022/8/9 10:14,,,,,,,,,,,ASIA,,,,CN,Yunnan,,,,""Dêqên Tibetan, CN-YN, CN"",,,,,,,,27.713013,99.254826,29704,,,,,,,,,,,,,,,,,,,,,,,,,,,,,,,287790177,,,,Lukasz Madrzynski 孟巨石,,2022-08-12T05:40:29,,,,75026,,,,,,,,""Rhinopithecus bieti A.Milne-Edwards, 1897"",,,,,,,,Animalia,Chordata,Mammalia,Primates,,Cercopithecidae,,,,Rhinopithecus,Rhinopithecus,,,bieti,,,SPECIES,,,,ACCEPTED,,,50c9509d-22c7-4a22-a47d-8c48425ef4a7,US,2025-02-16T17:53:59.241Z,,,,,,COORDINATE_ROUNDED;CONTINENT_DERIVED_FROM_COORDINATES;TAXON_MATCH_TAXON_ID_IGNORED,StillImage,TRUE,FALSE,4267007,4267007,1,44,359,798,9622,4267002,,4267007,Rhinopithecus bieti,""Rhinopithecus bieti A.Milne-Edwards, 1897"",Rhinopithecus bieti,,DWC_ARCHIVE,2025-02-16T17:53:59.241Z,2025-02-16T04:52:36.717Z,TRUE,,,FALSE,ASIA,NORTH_AMERICA,CHN,China,CHN.30_1,Yunnan,CHN.30.5_1,Dêqên Tibetan,CHN.30.5.1_1,Dêqên,EN"
"3881631326,,,,CC_BY_NC_4_0,2024-05-05T16:08:15Z,,https://www.inaturalist.org/observations/128758091,Lukasz Madrzynski 孟巨石,,,,,iNaturalist,Observations,iNaturalist research-grade observations,,HUMAN_OBSERVATION,Coordinate uncertainty increased to 29704m at the request of the observer,,,https://www.inaturalist.org/observations/128758091,128758091,,Lukasz Madrzynski 孟巨石,,,,,,,,,,,,,,,PRESENT,,,,,,,,,,,,,,,,,,,,,,,2022-07-22T10:26,10:26:00+08:00,203,203,2022,7,22,2022/7/22 10:26,,,,,,,,,,,ASIA,,,,CN,Yunnan,,,,""Dêqên Tibetan, CN-YN, CN"",,,,,,,,27.769904,99.38368,29704,,,,,,,,,,,,,,,,,,,,,,,,,,,,,,,284208917,,,,Lukasz Madrzynski 孟巨石,,2022-07-31T07:29:19,,,,75026,,,,,,,,""Rhinopithecus bieti A.Milne-Edwards, 1897"",,,,,,,,Animalia,Chordata,Mammalia,Primates,,Cercopithecidae,,,,Rhinopithecus,Rhinopithecus,,,bieti,,,SPECIES,,,,ACCEPTED,,,50c9509d-22c7-4a22-a47d-8c48425ef4a7,US,2025-02-16T14:00:26.872Z,,,,,,COORDINATE_ROUNDED;CONTINENT_DERIVED_FROM_COORDINATES;TAXON_MATCH_TAXON_ID_IGNORED,StillImage,TRUE,FALSE,4267007,4267007,1,44,359,798,9622,4267002,,4267007,Rhinopithecus bieti,""Rhinopithecus bieti A.Milne-Edwards, 1897"",Rhinopithecus bieti,,DWC_ARCHIVE,2025-02-16T14:00:26.872Z,2025-02-16T04:52:36.717Z,TRUE,,,FALSE,ASIA,NORTH_AMERICA,CHN,China,CHN.30_1,Yunnan,CHN.30.5_1,Dêqên Tibetan,CHN.30.5.1_1,Dêqên,EN"
"3881616362,,,,CC_BY_NC_4_0,2024-05-05T16:08:11Z,,https://www.inaturalist.org/observations/128758090,Lukasz Madrzynski 孟巨石,,,,,iNaturalist,Observations,iNaturalist research-grade observations,,HUMAN_OBSERVATION,Coordinate uncertainty increased to 29704m at the request of the observer,,,https://www.inaturalist.org/observations/128758090,128758090,,Lukasz Madrzynski 孟巨石,,,,,,,,,,,,,,,PRESENT,,,,,,,,,,,,,,,,,,,,,,,2022-07-22T10:22,10:22:00+08:00,203,203,2022,7,22,2022/7/22 10:22,,,,,,,,,,,ASIA,,,,CN,Yunnan,,,,""Dêqên Tibetan, CN-YN, CN"",,,,,,,,27.742503,99.271435,29704,,,,,,,,,,,,,,,,,,,,,,,,,,,,,,,284208915,,,,Lukasz Madrzynski 孟巨石,,2022-07-31T07:29:19,,,,75026,,,,,,,,""Rhinopithecus bieti A.Milne-Edwards, 1897"",,,,,,,,Animalia,Chordata,Mammalia,Primates,,Cercopithecidae,,,,Rhinopithecus,Rhinopithecus,,,bieti,,,SPECIES,,,,ACCEPTED,,,50c9509d-22c7-4a22-a47d-8c48425ef4a7,US,2025-02-16T17:52:33.203Z,,,,,,COORDINATE_ROUNDED;CONTINENT_DERIVED_FROM_COORDINATES;TAXON_MATCH_TAXON_ID_IGNORED,StillImage,TRUE,FALSE,4267007,4267007,1,44,359,798,9622,4267002,,4267007,Rhinopithecus bieti,""Rhinopithecus bieti A.Milne-Edwards, 1897"",Rhinopithecus bieti,,DWC_ARCHIVE,2025-02-16T17:52:33.203Z,2025-02-16T04:52:36.717Z,TRUE,,,FALSE,ASIA,NORTH_AMERICA,CHN,China,CHN.30_1,Yunnan,CHN.30.5_1,Dêqên Tibetan,CHN.30.5.1_1,Dêqên,EN"
"3881490208,,,,CC_BY_NC_4_0,2024-05-05T16:08:15Z,,https://www.inaturalist.org/observations/128758093,Lukasz Madrzynski 孟巨石,,,,,iNaturalist,Observations,iNaturalist research-grade observations,,HUMAN_OBSERVATION,Coordinate uncertainty increased to 29704m at the request of the observer,,,https://www.inaturalist.org/observations/128758093,128758093,,Lukasz Madrzynski 孟巨石,,,,,,,,,,,,,,,PRESENT,,,,,,,,,,,,,,,,,,,,,,,2022-07-22T10:38,10:38:00+08:00,203,203,2022,7,22,2022/7/22 10:38,,,,,,,,,,,ASIA,,,,CN,Yunnan,,,,""Dêqên Tibetan, CN-YN, CN"",,,,,,,,27.729085,99.307091,29704,,,,,,,,,,,,,,,,,,,,,,,,,,,,,,,284208922,,,,Lukasz Madrzynski 孟巨石,,2022-07-31T07:29:19,,,,75026,,,,,,,,""Rhinopithecus bieti A.Milne-Edwards, 1897"",,,,,,,,Animalia,Chordata,Mammalia,Primates,,Cercopithecidae,,,,Rhinopithecus,Rhinopithecus,,,bieti,,,SPECIES,,,,ACCEPTED,,,50c9509d-22c7-4a22-a47d-8c48425ef4a7,US,2025-02-16T17:52:33.249Z,,,,,,COORDINATE_ROUNDED;CONTINENT_DERIVED_FROM_COORDINATES;TAXON_MATCH_TAXON_ID_IGNORED,StillImage,TRUE,FALSE,4267007,4267007,1,44,359,798,9622,4267002,,4267007,Rhinopithecus bieti,""Rhinopithecus bieti A.Milne-Edwards, 1897"",Rhinopithecus bieti,,DWC_ARCHIVE,2025-02-16T17:52:33.249Z,2025-02-16T04:52:36.717Z,TRUE,,,FALSE,ASIA,NORTH_AMERICA,CHN,China,CHN.30_1,Yunnan,CHN.30.5_1,Dêqên Tibetan,CHN.30.5.1_1,Dêqên,EN"
"3881424131,,,,CC_BY_NC_4_0,2024-05-05T16:07:06Z,,https://www.inaturalist.org/observations/128758094,Lukasz Madrzynski 孟巨石,,,,,iNaturalist,Observations,iNaturalist research-grade observations,,HUMAN_OBSERVATION,Coordinate uncertainty increased to 29704m at the request of the observer,,,https://www.inaturalist.org/observations/128758094,128758094,,Lukasz Madrzynski 孟巨石,,,,,,,,,,,,,,,PRESENT,,,,,,,,,,,,,,,,,,,,,,,2022-07-22T10:55,10:55:00+08:00,203,203,2022,7,22,2022/7/22 10:55,,,,,,,,,,,ASIA,,,,CN,Yunnan,,,,""Dêqên Tibetan, CN-YN, CN"",,,,,,,,27.606362,99.333053,29704,,,,,,,,,,,,,,,,,,,,,,,,,,,,,,,284208924,,,,Lukasz Madrzynski 孟巨石,,2022-07-31T07:29:20,,,,75026,,,,,,,,""Rhinopithecus bieti A.Milne-Edwards, 1897"",,,,,,,,Animalia,Chordata,Mammalia,Primates,,Cercopithecidae,,,,Rhinopithecus,Rhinopithecus,,,bieti,,,SPECIES,,,,ACCEPTED,,,50c9509d-22c7-4a22-a47d-8c48425ef4a7,US,2025-02-16T14:00:26.834Z,,,,,,COORDINATE_ROUNDED;CONTINENT_DERIVED_FROM_COORDINATES;TAXON_MATCH_TAXON_ID_IGNORED,StillImage,TRUE,FALSE,4267007,4267007,1,44,359,798,9622,4267002,,4267007,Rhinopithecus bieti,""Rhinopithecus bieti A.Milne-Edwards, 1897"",Rhinopithecus bieti,,DWC_ARCHIVE,2025-02-16T14:00:26.834Z,2025-02-16T04:52:36.717Z,TRUE,,,FALSE,ASIA,NORTH_AMERICA,CHN,China,CHN.30_1,Yunnan,CHN.30.5_1,Dêqên Tibetan,CHN.30.5.2_1,Weixin,EN"
"3881420808,,,,CC_BY_NC_4_0,2024-05-05T16:06:53Z,,https://www.inaturalist.org/observations/128758098,Lukasz Madrzynski 孟巨石,,,,,iNaturalist,Observations,iNaturalist research-grade observations,,HUMAN_OBSERVATION,Coordinate uncertainty increased to 29704m at the request of the observer,,,https://www.inaturalist.org/observations/128758098,128758098,,Lukasz Madrzynski 孟巨石,,,,,,,,,,,,,,,PRESENT,,,,,,,,,,,,,,,,,,,,,,,2022-07-23T10:14,10:14:00+08:00,204,204,2022,7,23,2022/7/23 10:14,,,,,,,,,,,ASIA,,,,CN,Yunnan,,,,""Dêqên Tibetan, CN-YN, CN"",,,,,,,,27.747109,99.294886,29704,,,,,,,,,,,,,,,,,,,,,,,,,,,,,,,284208928,,,,Lukasz Madrzynski 孟巨石,,2022-07-31T07:29:21,,,,75026,,,,,,,,""Rhinopithecus bieti A.Milne-Edwards, 1897"",,,,,,,,Animalia,Chordata,Mammalia,Primates,,Cercopithecidae,,,,Rhinopithecus,Rhinopithecus,,,bieti,,,SPECIES,,,,ACCEPTED,,,50c9509d-22c7-4a22-a47d-8c48425ef4a7,US,2025-02-16T14:00:26.952Z,,,,,,COORDINATE_ROUNDED;CONTINENT_DERIVED_FROM_COORDINATES;TAXON_MATCH_TAXON_ID_IGNORED,StillImage,TRUE,FALSE,4267007,4267007,1,44,359,798,9622,4267002,,4267007,Rhinopithecus bieti,""Rhinopithecus bieti A.Milne-Edwards, 1897"",Rhinopithecus bieti,,DWC_ARCHIVE,2025-02-16T14:00:26.952Z,2025-02-16T04:52:36.717Z,TRUE,,,FALSE,ASIA,NORTH_AMERICA,CHN,China,CHN.30_1,Yunnan,CHN.30.5_1,Dêqên Tibetan,CHN.30.5.1_1,Dêqên,EN"
"3881413971,,,,CC_BY_NC_4_0,2024-05-05T16:06:55Z,,https://www.inaturalist.org/observations/128758096,Lukasz Madrzynski 孟巨石,,,,,iNaturalist,Observations,iNaturalist research-grade observations,,HUMAN_OBSERVATION,Coordinate uncertainty increased to 29704m at the request of the observer,,,https://www.inaturalist.org/observations/128758096,128758096,,Lukasz Madrzynski 孟巨石,,,,,,,,,,,,,,,PRESENT,,,,,,,,,,,,,,,,,,,,,,,2022-07-22T10:57,10:57:00+08:00,203,203,2022,7,22,2022/7/22 10:57,,,,,,,,,,,ASIA,,,,CN,Yunnan,,,,""Dêqên Tibetan, CN-YN, CN"",,,,,,,,27.642101,99.224874,29704,,,,,,,,,,,,,,,,,,,,,,,,,,,,,,,284208926,,,,Lukasz Madrzynski 孟巨石,,2022-07-31T07:29:20,,,,75026,,,,,,,,""Rhinopithecus bieti A.Milne-Edwards, 1897"",,,,,,,,Animalia,Chordata,Mammalia,Primates,,Cercopithecidae,,,,Rhinopithecus,Rhinopithecus,,,bieti,,,SPECIES,,,,ACCEPTED,,,50c9509d-22c7-4a22-a47d-8c48425ef4a7,US,2025-02-16T14:00:27.215Z,,,,,,COORDINATE_ROUNDED;CONTINENT_DERIVED_FROM_COORDINATES;TAXON_MATCH_TAXON_ID_IGNORED,StillImage,TRUE,FALSE,4267007,4267007,1,44,359,798,9622,4267002,,4267007,Rhinopithecus bieti,""Rhinopithecus bieti A.Milne-Edwards, 1897"",Rhinopithecus bieti,,DWC_ARCHIVE,2025-02-16T14:00:27.215Z,2025-02-16T04:52:36.717Z,TRUE,,,FALSE,ASIA,NORTH_AMERICA,CHN,China,CHN.30_1,Yunnan,CHN.30.5_1,Dêqên Tibetan,CHN.30.5.1_1,Dêqên,EN"
"3881405062,,,,CC_BY_NC_4_0,2024-05-05T16:06:57Z,,https://www.inaturalist.org/observations/128758095,Lukasz Madrzynski 孟巨石,,,,,iNaturalist,Observations,iNaturalist research-grade observations,,HUMAN_OBSERVATION,Coordinate uncertainty increased to 29704m at the request of the observer,,,https://www.inaturalist.org/observations/128758095,128758095,,Lukasz Madrzynski 孟巨石,,,,,,,,,,,,,,,PRESENT,,,,,,,,,,,,,,,,,,,,,,,2022-07-22T10:44,10:44:00+08:00,203,203,2022,7,22,2022/7/22 10:44,,,,,,,,,,,ASIA,,,,CN,Yunnan,,,,""Dêqên Tibetan, CN-YN, CN"",,,,,,,,27.65493,99.21132,29704,,,,,,,,,,,,,,,,,,,,,,,,,,,,,,,284208925,,,,Lukasz Madrzynski 孟巨石,,2022-07-31T07:29:20,,,,75026,,,,,,,,""Rhinopithecus bieti A.Milne-Edwards, 1897"",,,,,,,,Animalia,Chordata,Mammalia,Primates,,Cercopithecidae,,,,Rhinopithecus,Rhinopithecus,,,bieti,,,SPECIES,,,,ACCEPTED,,,50c9509d-22c7-4a22-a47d-8c48425ef4a7,US,2025-02-16T14:00:27.352Z,,,,,,COORDINATE_ROUNDED;CONTINENT_DERIVED_FROM_COORDINATES;TAXON_MATCH_TAXON_ID_IGNORED,StillImage,TRUE,FALSE,4267007,4267007,1,44,359,798,9622,4267002,,4267007,Rhinopithecus bieti,""Rhinopithecus bieti A.Milne-Edwards, 1897"",Rhinopithecus bieti,,DWC_ARCHIVE,2025-02-16T14:00:27.352Z,2025-02-16T04:52:36.717Z,TRUE,,,FALSE,ASIA,NORTH_AMERICA,CHN,China,CHN.30_1,Yunnan,CHN.30.5_1,Dêqên Tibetan,CHN.30.5.1_1,Dêqên,EN"
"3881376849,,,,CC_BY_NC_4_0,2024-05-05T16:08:10Z,,https://www.inaturalist.org/observations/128758089,Lukasz Madrzynski 孟巨石,,,,,iNaturalist,Observations,iNaturalist research-grade observations,,HUMAN_OBSERVATION,Coordinate uncertainty increased to 29704m at the request of the observer,,,https://www.inaturalist.org/observations/128758089,128758089,,Lukasz Madrzynski 孟巨石,,,,,,,,,,,,,,,PRESENT,,,,,,,,,,,,,,,,,,,,,,,2022-07-22T10:16,10:16:00+08:00,203,203,2022,7,22,2022/7/22 10:16,,,,,,,,,,,ASIA,,,,CN,Yunnan,,,,""Dêqên Tibetan, CN-YN, CN"",,,,,,,,27.799939,99.229952,29704,,,,,,,,,,,,,,,,,,,,,,,,,,,,,,,284208913,,,,Lukasz Madrzynski 孟巨石,,2022-07-31T07:29:18,,,,75026,,,,,,,,""Rhinopithecus bieti A.Milne-Edwards, 1897"",,,,,,,,Animalia,Chordata,Mammalia,Primates,,Cercopithecidae,,,,Rhinopithecus,Rhinopithecus,,,bieti,,,SPECIES,,,,ACCEPTED,,,50c9509d-22c7-4a22-a47d-8c48425ef4a7,US,2025-02-16T14:00:26.923Z,,,,,,COORDINATE_ROUNDED;CONTINENT_DERIVED_FROM_COORDINATES;TAXON_MATCH_TAXON_ID_IGNORED,StillImage,TRUE,FALSE,4267007,4267007,1,44,359,798,9622,4267002,,4267007,Rhinopithecus bieti,""Rhinopithecus bieti A.Milne-Edwards, 1897"",Rhinopithecus bieti,,DWC_ARCHIVE,2025-02-16T14:00:26.923Z,2025-02-16T04:52:36.717Z,TRUE,,,FALSE,ASIA,NORTH_AMERICA,CHN,China,CHN.30_1,Yunnan,CHN.30.5_1,Dêqên Tibetan,CHN.30.5.1_1,Dêqên,EN"
"3881364946,,,,CC_BY_NC_4_0,2024-05-05T16:08:07Z,,https://www.inaturalist.org/observations/128758087,Lukasz Madrzynski 孟巨石,,,,,iNaturalist,Observations,iNaturalist research-grade observations,,HUMAN_OBSERVATION,Coordinate uncertainty increased to 29704m at the request of the observer,,,https://www.inaturalist.org/observations/128758087,128758087,,Lukasz Madrzynski 孟巨石,,,,,,,,,,,,,,,PRESENT,,,,,,,,,,,,,,,,,,,,,,,2022-07-22T09:18,09:18:00+08:00,203,203,2022,7,22,2022/7/22 09:18,,,,,,,,,,,ASIA,,,,CN,Yunnan,,,,""Dêqên Tibetan, CN-YN, CN"",,,,,,,,27.743864,99.214099,29704,,,,,,,,,,,,,,,,,,,,,,,,,,,,,,,284208908,,,,Lukasz Madrzynski 孟巨石,,2022-07-31T07:29:17,,,,75026,,,,,,,,""Rhinopithecus bieti A.Milne-Edwards, 1897"",,,,,,,,Animalia,Chordata,Mammalia,Primates,,Cercopithecidae,,,,Rhinopithecus,Rhinopithecus,,,bieti,,,SPECIES,,,,ACCEPTED,,,50c9509d-22c7-4a22-a47d-8c48425ef4a7,US,2025-02-16T14:00:26.952Z,,,,,,COORDINATE_ROUNDED;CONTINENT_DERIVED_FROM_COORDINATES;TAXON_MATCH_TAXON_ID_IGNORED,StillImage,TRUE,FALSE,4267007,4267007,1,44,359,798,9622,4267002,,4267007,Rhinopithecus bieti,""Rhinopithecus bieti A.Milne-Edwards, 1897"",Rhinopithecus bieti,,DWC_ARCHIVE,2025-02-16T14:00:26.952Z,2025-02-16T04:52:36.717Z,TRUE,,,FALSE,ASIA,NORTH_AMERICA,CHN,China,CHN.30_1,Yunnan,CHN.30.5_1,Dêqên Tibetan,CHN.30.5.1_1,Dêqên,EN"
"3881340872,,,,CC_BY_NC_4_0,2024-05-05T16:08:08Z,,https://www.inaturalist.org/observations/128758088,Lukasz Madrzynski 孟巨石,,,,,iNaturalist,Observations,iNaturalist research-grade observations,,HUMAN_OBSERVATION,Coordinate uncertainty increased to 29704m at the request of the observer,,,https://www.inaturalist.org/observations/128758088,128758088,,Lukasz Madrzynski 孟巨石,,,,,,,,,,,,,,,PRESENT,,,,,,,,,,,,,,,,,,,,,,,2022-07-22T09:39,09:39:00+08:00,203,203,2022,7,22,2022/7/22 09:39,,,,,,,,,,,ASIA,,,,CN,Yunnan,,,,""Dêqên Tibetan, CN-YN, CN"",,,,,,,,27.721393,99.330076,29704,,,,,,,,,,,,,,,,,,,,,,,,,,,,,,,284208909,,,,Lukasz Madrzynski 孟巨石,,2022-07-31T07:29:18,,,,75026,,,,,,,,""Rhinopithecus bieti A.Milne-Edwards, 1897"",,,,,,,,Animalia,Chordata,Mammalia,Primates,,Cercopithecidae,,,,Rhinopithecus,Rhinopithecus,,,bieti,,,SPECIES,,,,ACCEPTED,,,50c9509d-22c7-4a22-a47d-8c48425ef4a7,US,2025-02-16T14:00:34.825Z,,,,,,COORDINATE_ROUNDED;CONTINENT_DERIVED_FROM_COORDINATES;TAXON_MATCH_TAXON_ID_IGNORED,StillImage,TRUE,FALSE,4267007,4267007,1,44,359,798,9622,4267002,,4267007,Rhinopithecus bieti,""Rhinopithecus bieti A.Milne-Edwards, 1897"",Rhinopithecus bieti,,DWC_ARCHIVE,2025-02-16T14:00:34.825Z,2025-02-16T04:52:36.717Z,TRUE,,,FALSE,ASIA,NORTH_AMERICA,CHN,China,CHN.30_1,Yunnan,CHN.30.5_1,Dêqên Tibetan,CHN.30.5.1_1,Dêqên,EN"
"3860822336,,,,CC_BY_NC_4_0,2024-05-05T16:08:04Z,,https://www.inaturalist.org/observations/122637032,Lukasz Madrzynski 孟巨石,,,,,iNaturalist,Observations,iNaturalist research-grade observations,,HUMAN_OBSERVATION,Coordinate uncertainty increased to 29704m at the request of the observer,,,https://www.inaturalist.org/observations/122637032,122637032,,Lukasz Madrzynski 孟巨石,,,,,Male,,,,,,,,,,PRESENT,,,,,,,,,,,,,,,,,,,,,,,2022-06-17T09:27,09:27:00+08:00,168,168,2022,6,17,2022/6/17 09:27,,,,,,,,,,,ASIA,,,,CN,Yunnan,,,,""Dêqên Tibetan, CN-YN, CN"",,,,,,,,27.724007,99.348381,29704,,,,,,,,,,,,,,,,,,,,,,,,,,,,,,,271733155,,,,Lukasz Madrzynski 孟巨石,,2022-06-20T12:14:46,,,,75026,,,,,,,,""Rhinopithecus bieti A.Milne-Edwards, 1897"",,,,,,,,Animalia,Chordata,Mammalia,Primates,,Cercopithecidae,,,,Rhinopithecus,Rhinopithecus,,,bieti,,,SPECIES,,,,ACCEPTED,,,50c9509d-22c7-4a22-a47d-8c48425ef4a7,US,2025-02-16T13:52:34.989Z,,,,,,COORDINATE_ROUNDED;CONTINENT_DERIVED_FROM_COORDINATES;TAXON_MATCH_TAXON_ID_IGNORED,StillImage,TRUE,FALSE,4267007,4267007,1,44,359,798,9622,4267002,,4267007,Rhinopithecus bieti,""Rhinopithecus bieti A.Milne-Edwards, 1897"",Rhinopithecus bieti,,DWC_ARCHIVE,2025-02-16T13:52:34.989Z,2025-02-16T04:52:36.717Z,TRUE,,,FALSE,ASIA,NORTH_AMERICA,CHN,China,CHN.30_1,Yunnan,CHN.30.5_1,Dêqên Tibetan,CHN.30.5.1_1,Dêqên,EN"
"3860763380,,,,CC_BY_NC_4_0,2024-05-05T16:08:02Z,,https://www.inaturalist.org/observations/122637031,Lukasz Madrzynski 孟巨石,,,,,iNaturalist,Observations,iNaturalist research-grade observations,,HUMAN_OBSERVATION,Coordinate uncertainty increased to 29704m at the request of the observer,,,https://www.inaturalist.org/observations/122637031,122637031,,Lukasz Madrzynski 孟巨石,,,,,,,,,,,,,,,PRESENT,,,,,,,,,,,,,,,,,,,,,,,2022-06-17T09:26,09:26:00+08:00,168,168,2022,6,17,2022/6/17 09:26,,,,,,,,,,,ASIA,,,,CN,Yunnan,,,,""Dêqên Tibetan, CN-YN, CN"",,,,,,,,27.662951,99.26982,29704,,,,,,,,,,,,,,,,,,,,,,,,,,,,,,,271733154,,,,Lukasz Madrzynski 孟巨石,,2022-06-20T12:14:45,,,,75026,,,,,,,,""Rhinopithecus bieti A.Milne-Edwards, 1897"",,,,,,,,Animalia,Chordata,Mammalia,Primates,,Cercopithecidae,,,,Rhinopithecus,Rhinopithecus,,,bieti,,,SPECIES,,,,ACCEPTED,,,50c9509d-22c7-4a22-a47d-8c48425ef4a7,US,2025-02-16T13:52:34.264Z,,,,,,COORDINATE_ROUNDED;CONTINENT_DERIVED_FROM_COORDINATES;TAXON_MATCH_TAXON_ID_IGNORED,StillImage,TRUE,FALSE,4267007,4267007,1,44,359,798,9622,4267002,,4267007,Rhinopithecus bieti,""Rhinopithecus bieti A.Milne-Edwards, 1897"",Rhinopithecus bieti,,DWC_ARCHIVE,2025-02-16T13:52:34.264Z,2025-02-16T04:52:36.717Z,TRUE,,,FALSE,ASIA,NORTH_AMERICA,CHN,China,CHN.30_1,Yunnan,CHN.30.5_1,Dêqên Tibetan,CHN.30.5.1_1,Dêqên,EN"
"3860634129,,,,CC_BY_NC_4_0,2024-05-05T16:08:00Z,,https://www.inaturalist.org/observations/121046546,Lukasz Madrzynski 孟巨石,,,,,iNaturalist,Observations,iNaturalist research-grade observations,,HUMAN_OBSERVATION,Coordinate uncertainty increased to 29704m at the request of the observer,,,https://www.inaturalist.org/observations/121046546,121046546,,Lukasz Madrzynski 孟巨石,,,,,,,,,,,,,,,PRESENT,,,,,,,,,,,,,,,,,,,,,,,2022-06-06T15:12,15:12:00+08:00,157,157,2022,6,6,2022/6/6 15:12,,,,,,,,,,,ASIA,,,,CN,Yunnan,,,,""Dêqên Tibetan, CN-YN, CN"",,,,,,,,27.635254,99.283268,29704,,,,,,,,,,,,,,,,,,,,,,,,,,,,,,,268560508,,,,Lukasz Madrzynski 孟巨石,,2022-06-10T03:16:41,,,,75026,,,,,,,,""Rhinopithecus bieti A.Milne-Edwards, 1897"",,,,,,,,Animalia,Chordata,Mammalia,Primates,,Cercopithecidae,,,,Rhinopithecus,Rhinopithecus,,,bieti,,,SPECIES,,,,ACCEPTED,,,50c9509d-22c7-4a22-a47d-8c48425ef4a7,US,2025-02-16T13:50:50.413Z,,,,,,COORDINATE_ROUNDED;CONTINENT_DERIVED_FROM_COORDINATES;TAXON_MATCH_TAXON_ID_IGNORED,StillImage,TRUE,FALSE,4267007,4267007,1,44,359,798,9622,4267002,,4267007,Rhinopithecus bieti,""Rhinopithecus bieti A.Milne-Edwards, 1897"",Rhinopithecus bieti,,DWC_ARCHIVE,2025-02-16T13:50:50.413Z,2025-02-16T04:52:36.717Z,TRUE,,,FALSE,ASIA,NORTH_AMERICA,CHN,China,CHN.30_1,Yunnan,CHN.30.5_1,Dêqên Tibetan,CHN.30.5.1_1,Dêqên,EN"
"3858689477,,,,CC_BY_NC_4_0,2024-05-05T16:08:06Z,,https://www.inaturalist.org/observations/122637034,Lukasz Madrzynski 孟巨石,,,,,iNaturalist,Observations,iNaturalist research-grade observations,,HUMAN_OBSERVATION,Coordinate uncertainty increased to 29704m at the request of the observer,,,https://www.inaturalist.org/observations/122637034,122637034,,Lukasz Madrzynski 孟巨石,,,,,Female,,,,,,,,,,PRESENT,,,,,,,,,,,,,,,,,,,,,,,2022-06-17T09:28,09:28:00+08:00,168,168,2022,6,17,2022/6/17 09:28,,,,,,,,,,,ASIA,,,,CN,Yunnan,,,,""Dêqên Tibetan, CN-YN, CN"",,,,,,,,27.758488,99.205496,29704,,,,,,,,,,,,,,,,,,,,,,,,,,,,,,,271733158,,,,Lukasz Madrzynski 孟巨石,,2022-06-20T12:14:46,,,,75026,,,,,,,,""Rhinopithecus bieti A.Milne-Edwards, 1897"",,,,,,,,Animalia,Chordata,Mammalia,Primates,,Cercopithecidae,,,,Rhinopithecus,Rhinopithecus,,,bieti,,,SPECIES,,,,ACCEPTED,,,50c9509d-22c7-4a22-a47d-8c48425ef4a7,US,2025-02-16T13:52:33.810Z,,,,,,COORDINATE_ROUNDED;CONTINENT_DERIVED_FROM_COORDINATES;TAXON_MATCH_TAXON_ID_IGNORED,StillImage,TRUE,FALSE,4267007,4267007,1,44,359,798,9622,4267002,,4267007,Rhinopithecus bieti,""Rhinopithecus bieti A.Milne-Edwards, 1897"",Rhinopithecus bieti,,DWC_ARCHIVE,2025-02-16T13:52:33.810Z,2025-02-16T04:52:36.717Z,TRUE,,,FALSE,ASIA,NORTH_AMERICA,CHN,China,CHN.30_1,Yunnan,CHN.30.5_1,Dêqên Tibetan,CHN.30.5.1_1,Dêqên,EN"
"3455544653,,,,CC_BY_NC_4_0,2024-05-05T16:07:55Z,,https://www.inaturalist.org/observations/102233633,Eunice Zhou,,,,,iNaturalist,Observations,iNaturalist research-grade observations,,HUMAN_OBSERVATION,Coordinate uncertainty increased to 714443m to protect threatened taxon,,,https://www.inaturalist.org/observations/102233633,102233633,,Eunice Zhou,,,,,,,,,,,,,,,PRESENT,,,,,,,,,,,,,,,,,,,,,,,2021-10-20T11:29Z,11:29:00Z,293,293,2021,10,20,2021/10/20 11:29 上午 UTC,,,,,,,,,,,ASIA,,,,CN,Yunnan,,,,China,,,,,,,,24.433887,101.250829,714443,,,,,,,,,,,,,,,,,,,,,,,,,,,,,,,223816199,,,,Kaichi Huang,,2021-12-01T04:39:21,,,,75026,,,,,,,,""Rhinopithecus bieti A.Milne-Edwards, 1897"",,,,,,,,Animalia,Chordata,Mammalia,Primates,,Cercopithecidae,,,,Rhinopithecus,Rhinopithecus,,,bieti,,,SPECIES,,,,ACCEPTED,,,50c9509d-22c7-4a22-a47d-8c48425ef4a7,US,2025-02-16T13:32:18.730Z,,,,,,COORDINATE_ROUNDED;CONTINENT_DERIVED_FROM_COORDINATES;TAXON_MATCH_TAXON_ID_IGNORED,StillImage,TRUE,FALSE,4267007,4267007,1,44,359,798,9622,4267002,,4267007,Rhinopithecus bieti,""Rhinopithecus bieti A.Milne-Edwards, 1897"",Rhinopithecus bieti,,DWC_ARCHIVE,2025-02-16T13:32:18.730Z,2025-02-16T04:52:36.717Z,TRUE,,,FALSE,ASIA,NORTH_AMERICA,CHN,China,CHN.30_1,Yunnan,CHN.30.2_1,Chuxiong Yi,CHN.30.2.6_1,Shuangbai,EN"
"3408219476,,,,CC_BY_NC_4_0,2024-05-05T16:07:47Z,,https://www.inaturalist.org/observations/90106959,zhengshanshan lyu,,,,,iNaturalist,Observations,iNaturalist research-grade observations,,HUMAN_OBSERVATION,Coordinate uncertainty increased to 714443m to protect threatened taxon,,,https://www.inaturalist.org/observations/90106959,90106959,,zhengshanshan lyu,,,,,,,,,,,,,,,PRESENT,,,,,,,,,,,,,,,,,,,,,,,2021-07-28T15:05,15:05:00+08:00,209,209,2021,7,28,2021/07/28 3:05 PM CST,,,,,,,,,,,ASIA,,,,CN,Yunnan,,,,China,,,,,,,,24.566368,101.230259,714443,,,,,,,,,,,,,,,,,,,,,,,,,,,,,,,198308154,,,,Kaichi Huang,,2021-08-10T17:33:27,,,,75026,,,,,,,,""Rhinopithecus bieti A.Milne-Edwards, 1897"",,,,,,,,Animalia,Chordata,Mammalia,Primates,,Cercopithecidae,,,,Rhinopithecus,Rhinopithecus,,,bieti,,,SPECIES,,,,ACCEPTED,,,50c9509d-22c7-4a22-a47d-8c48425ef4a7,US,2025-02-16T17:20:08.989Z,,,,,,COORDINATE_ROUNDED;CONTINENT_DERIVED_FROM_COORDINATES;TAXON_MATCH_TAXON_ID_IGNORED,StillImage,TRUE,FALSE,4267007,4267007,1,44,359,798,9622,4267002,,4267007,Rhinopithecus bieti,""Rhinopithecus bieti A.Milne-Edwards, 1897"",Rhinopithecus bieti,,DWC_ARCHIVE,2025-02-16T17:20:08.989Z,2025-02-16T04:52:36.717Z,TRUE,,,FALSE,ASIA,NORTH_AMERICA,CHN,China,CHN.30_1,Yunnan,CHN.30.2_1,Chuxiong Yi,CHN.30.2.1_1,Chuxiong,EN"
"1945469563,,,,CC_BY_NC_4_0,2024-05-05T16:07:33Z,,https://www.inaturalist.org/observations/18558043,yixianshuiesuan,,,,,iNaturalist,Observations,iNaturalist research-grade observations,,HUMAN_OBSERVATION,Coordinate uncertainty increased to 29704m to protect threatened taxon,,,https://www.inaturalist.org/observations/18558043,18558043,,yixianshuiesuan,,,,,,,,,,,,,,,PRESENT,,,,,,,,,,,,,,,,,,,,,,,2018-08-10T09:39,09:39:00-04:00,222,222,2018,8,10,2018/8/10 09:39,,,,,,,,,,,ASIA,,,,CN,Yunnan,,,,""Dêqên Tibetan, CN-YN, CN"",,,,,,,,27.629276,99.217082,29704,,,,,,,,,,,,,,,,,,,,,,,,,,,,,,,40040818,,,,yixianshuiesuan,,2018-11-22T15:58:43,,,,75026,,,,,,,,""Rhinopithecus bieti A.Milne-Edwards, 1897"",,,,,,,,Animalia,Chordata,Mammalia,Primates,,Cercopithecidae,,,,Rhinopithecus,Rhinopithecus,,,bieti,,,SPECIES,,,,ACCEPTED,,,50c9509d-22c7-4a22-a47d-8c48425ef4a7,US,2025-02-16T12:19:20.036Z,,,,,,COORDINATE_ROUNDED;CONTINENT_DERIVED_FROM_COORDINATES;TAXON_MATCH_TAXON_ID_IGNORED,StillImage,TRUE,FALSE,4267007,4267007,1,44,359,798,9622,4267002,,4267007,Rhinopithecus bieti,""Rhinopithecus bieti A.Milne-Edwards, 1897"",Rhinopithecus bieti,,DWC_ARCHIVE,2025-02-16T12:19:20.036Z,2025-02-16T04:52:36.717Z,TRUE,,,FALSE,ASIA,NORTH_AMERICA,CHN,China,CHN.30_1,Yunnan,CHN.30.5_1,Dêqên Tibetan,CHN.30.5.1_1,Dêqên,EN"
"1914243208,,,,CC_BY_NC_4_0,2024-05-05T16:07:31Z,,https://www.inaturalist.org/observations/16955495,Jeff Harding,,,,,iNaturalist,Observations,iNaturalist research-grade observations,,HUMAN_OBSERVATION,Coordinate uncertainty increased to 29704m to protect threatened taxon,,,https://www.inaturalist.org/observations/16955495,16955495,,Jeff Harding,,,,,,,,,,,,,,,PRESENT,,,,,,,,,,,,,,,,,,,,,,,2013-03-02T09:32,09:32:00+08:00,61,61,2013,3,2,2013/03/02 9:32 AM PST,,,,,,,,,,,ASIA,,,,CN,Yunnan,,,,""Dêqên Tibetan, CN-YN, CN"",,,,,,,,27.734772,99.325147,29704,,,,,,,,,,,,,,,,,,,,,,,,,,,,,,,36345267,,,,Jeff Harding,,2018-09-27T04:49:35,,,,75026,,,,,,,,""Rhinopithecus bieti A.Milne-Edwards, 1897"",,,,,,,,Animalia,Chordata,Mammalia,Primates,,Cercopithecidae,,,,Rhinopithecus,Rhinopithecus,,,bieti,,,SPECIES,,,,ACCEPTED,,,50c9509d-22c7-4a22-a47d-8c48425ef4a7,US,2025-02-16T12:18:21.725Z,,,,,,COORDINATE_ROUNDED;CONTINENT_DERIVED_FROM_COORDINATES;TAXON_MATCH_TAXON_ID_IGNORED,StillImage,TRUE,FALSE,4267007,4267007,1,44,359,798,9622,4267002,,4267007,Rhinopithecus bieti,""Rhinopithecus bieti A.Milne-Edwards, 1897"",Rhinopithecus bieti,,DWC_ARCHIVE,2025-02-16T12:18:21.725Z,2025-02-16T04:52:36.717Z,TRUE,,,FALSE,ASIA,NORTH_AMERICA,CHN,China,CHN.30_1,Yunnan,CHN.30.5_1,Dêqên Tibetan,CHN.30.5.1_1,Dêqên,EN"
"1880591726,,,,CC_BY_4_0,2024-05-05T16:07:29Z,,https://www.inaturalist.org/observations/13864017,HUANG QIN,,,,,iNaturalist,Observations,iNaturalist research-grade observations,,HUMAN_OBSERVATION,Coordinate uncertainty increased to 29727m to protect threatened taxon,,,https://www.inaturalist.org/observations/13864017,13864017,,HUANG QIN,,,,,Male,Adult,,,,,,,,,PRESENT,,,,,,,,,,,,,,,,,,,,,,,2018-03-27T10:37,10:37:00-05:00,86,86,2018,3,27,2018/03/27 10:37 AM CST,,,,,,,,,,,ASIA,,,,CN,Yunnan,,,,""Yunnan, CN"",,,,,,,,27.507108,99.478093,29727,,,,,,,,,,,,,,,,,,,,,,,,,,,,,,,30114554,,,,HUANG QIN,,2018-06-28T17:58:37,,,,75026,,,,,,,,""Rhinopithecus bieti A.Milne-Edwards, 1897"",,,,,,,,Animalia,Chordata,Mammalia,Primates,,Cercopithecidae,,,,Rhinopithecus,Rhinopithecus,,,bieti,,,SPECIES,,,,ACCEPTED,,,50c9509d-22c7-4a22-a47d-8c48425ef4a7,US,2025-02-16T12:15:59.463Z,,,,,,COORDINATE_ROUNDED;CONTINENT_DERIVED_FROM_COORDINATES;TAXON_MATCH_TAXON_ID_IGNORED,,TRUE,FALSE,4267007,4267007,1,44,359,798,9622,4267002,,4267007,Rhinopithecus bieti,""Rhinopithecus bieti A.Milne-Edwards, 1897"",Rhinopithecus bieti,,DWC_ARCHIVE,2025-02-16T12:15:59.463Z,2025-02-16T04:52:36.717Z,TRUE,,,FALSE,ASIA,NORTH_AMERICA,CHN,China,CHN.30_1,Yunnan,CHN.30.5_1,Dêqên Tibetan,CHN.30.5.2_1,Weixin,EN"
"1807328762,,,,CC_BY_NC_4_0,2024-07-31T05:08:23Z,,https://www.inaturalist.org/observations/9787948,Scott Bowers,,,,,iNaturalist,Observations,iNaturalist research-grade observations,,HUMAN_OBSERVATION,Coordinate uncertainty increased to 29704m to protect threatened taxon,,,https://www.inaturalist.org/observations/9787948,9787948,,Scott Bowers,,,,,,,,,,,,,,,PRESENT,,,,,,,,See http://www.planetscott.com/speciesdetail/10521/golden-snub-nosed-monkey-(pygathrix-roxellana) for more info,,,,,,,,,,,,,,,2013/1/5,,5,5,2013,1,5,1/5/2013,,,,,,,,,,,ASIA,,,,CN,Yunnan,,,,""Dêqên Tibetan, CN-YN, CN"",,,,,,,,27.791028,99.514384,29704,,,,,,,,,,,,,,,,,,,,,,,,,,,,,,,21586612,,,,Jane Widness,,2018-02-09T14:37:16,,,,75026,,,,,,,,""Rhinopithecus bieti A.Milne-Edwards, 1897"",,,,,,,,Animalia,Chordata,Mammalia,Primates,,Cercopithecidae,,,,Rhinopithecus,Rhinopithecus,,,bieti,,,SPECIES,,,,ACCEPTED,,,50c9509d-22c7-4a22-a47d-8c48425ef4a7,US,2025-02-16T12:13:37.995Z,,,,,,COORDINATE_ROUNDED;CONTINENT_DERIVED_FROM_COORDINATES;TAXON_MATCH_TAXON_ID_IGNORED,StillImage,TRUE,FALSE,4267007,4267007,1,44,359,798,9622,4267002,,4267007,Rhinopithecus bieti,""Rhinopithecus bieti A.Milne-Edwards, 1897"",Rhinopithecus bieti,,DWC_ARCHIVE,2025-02-16T12:13:37.995Z,2025-02-16T04:52:36.717Z,TRUE,,,FALSE,ASIA,NORTH_AMERICA,CHN,China,CHN.30_1,Yunnan,CHN.30.5_1,Dêqên Tibetan,CHN.30.5.3_1,Zhongdian,EN"
"1806343379,,,,CC_BY_NC_4_0,2024-12-25T15:39:34Z,,https://www.inaturalist.org/observations/9556447,Bennett Gardner,,,,,iNaturalist,Observations,iNaturalist research-grade observations,,HUMAN_OBSERVATION,Coordinate uncertainty increased to 62500m to protect threatened taxon,,,https://www.inaturalist.org/observations/9556447,9556447,,Bennett Gardner,,,,,Male,Adult,,,,,,,,,PRESENT,,,,,,,,,,,,,,,,,,,,,,,2017-04-02T08:52,08:52:00+08:00,92,92,2017,4,2,2017/04/02 8:52 AM HKT,,,,,,,,,,,ASIA,,,,CN,Yunnan,,,,""Yunnan, CN"",,,,,,,,26.183173,101.595235,62500,,,,,,,,,,,,,,,,,,,,,,,,,,,,,,,20969479,,,,Bennett Gardner,,2018-01-22T00:51:14,,,,75026,,,,,,,,""Rhinopithecus bieti A.Milne-Edwards, 1897"",,,,,,,,Animalia,Chordata,Mammalia,Primates,,Cercopithecidae,,,,Rhinopithecus,Rhinopithecus,,,bieti,,,SPECIES,,,,ACCEPTED,,,50c9509d-22c7-4a22-a47d-8c48425ef4a7,AU,2025-02-16T12:13:29.515Z,,,,,,COORDINATE_ROUNDED;CONTINENT_DERIVED_FROM_COORDINATES;TAXON_MATCH_TAXON_ID_IGNORED,StillImage,TRUE,FALSE,4267007,4267007,1,44,359,798,9622,4267002,,4267007,Rhinopithecus bieti,""Rhinopithecus bieti A.Milne-Edwards, 1897"",Rhinopithecus bieti,,DWC_ARCHIVE,2025-02-16T12:13:29.515Z,2025-02-16T04:52:36.717Z,TRUE,,,FALSE,ASIA,OCEANIA,CHN,China,CHN.30_1,Yunnan,CHN.30.2_1,Chuxiong Yi,CHN.30.2.9_1,Yongren,EN"